שנה/ חודש,סוג אסדרה,תחרות באספקה/ אסדרה קיימת,ביתי/ לא ביתי,סיבות לססטוס  ,פירוט סיבת סטטוס ,סטטוס,מספר בקשות
2021/09,מספקים עם אמצעי ייצור,אסדרה קיימת,לא ביתי,אושר לניוד,תהליך הניוד הושלם,הושלם,53
2021/09,מספקים וירטואליים,תחרות באספקה,ביתי,אושר לניוד,תהליך הניוד הושלם,הושלם,18
2021/09,מספקים וירטואליים,תחרות באספקה,לא ביתי,אושר לניוד,תהליך הניוד הושלם,הושלם,29
2021/09,מספקים עם אמצעי ייצור,אסדרה קיימת,לא ביתי,אחר,החלפת לקוחות או סיום חוזה,נדחה,1
2021/09,מספקים עם אמצעי ייצור,אסדרה קיימת,לא ביתי,ייפוי כוח חסר/לא תקין,ייפוי כוח חסר/לא תקין,נדחה,1
2021/09,מספקים עם אמצעי ייצור,אסדרה קיימת,לא ביתי,אחר,לא נמצא מידע תואם במערכת המקור,נדחה,2
2021/09,מספקים עם אמצעי ייצור,אסדרה קיימת,לא ביתי,בעיות תקשורת במונה,לפחות אחד המונים בעל קריאה מרחוק לא תקינה,נדחה,5
2021/09,מספקים וירטואליים,תחרות באספקה,ביתי,ייפוי כוח חסר/לא תקין,ייפוי כוח חסר/לא תקין,נדחה,2
2021/09,מספקים וירטואליים,תחרות באספקה,ביתי,בעיות תקשורת במונה,לפחות אחד המונים אינו בר ניוד,נדחה,2
2021/09,מספקים וירטואליים,תחרות באספקה,ביתי,בעיות במילוי בקשת הניוד,פרטי הזדהות איש קשר לא תקינים,נדחה,3
2021/09,מספקים וירטואליים,תחרות באספקה,לא ביתי,אחר,"החוזה לא ניתן לניוד ע""פ מערכות חחי",נדחה,1
2021/09,מספקים וירטואליים,תחרות באספקה,לא ביתי,ייפוי כוח חסר/לא תקין,ייפוי כוח חסר/לא תקין,נדחה,12
2021/09,מספקים וירטואליים,תחרות באספקה,לא ביתי,אחר,לא נמצא מידע תואם במערכת המקור,נדחה,4
2021/09,מספקים וירטואליים,תחרות באספקה,לא ביתי,בעיות תקשורת במונה,לפחות אחד המונים אינו בר ניוד,נדחה,3
2021/09,מספקים וירטואליים,תחרות באספקה,לא ביתי,בעיות תקשורת במונה,לפחות אחד המונים בעל קריאה מרחוק לא תקינה,נדחה,4
2021/09,מספקים וירטואליים,תחרות באספקה,לא ביתי,בעיות במילוי בקשת הניוד,פרטי הזדהות איש קשר לא תקינים,נדחה,17
2021/10,מספקים עם אמצעי ייצור,אסדרה קיימת,לא ביתי,אושר לניוד,תהליך הניוד הושלם,הושלם,361
2021/10,מספקים וירטואליים,תחרות באספקה,ביתי,אושר לניוד,תהליך הניוד הושלם,הושלם,14
2021/10,מספקים וירטואליים,תחרות באספקה,לא ביתי,אושר לניוד,תהליך הניוד הושלם,הושלם,7
2021/10,מספקים עם אמצעי ייצור,אסדרה קיימת,לא ביתי,אחר,לא נמצא מידע תואם במערכת המקור,נדחה,10
2021/10,מספקים עם אמצעי ייצור,אסדרה קיימת,לא ביתי,בעיות תקשורת במונה,לפחות אחד המונים אינו בר ניוד,נדחה,2
2021/10,מספקים עם אמצעי ייצור,אסדרה קיימת,לא ביתי,בעיות תקשורת במונה,לפחות אחד המונים בעל קריאה מרחוק לא תקינה,נדחה,2
2021/10,מספקים עם אמצעי ייצור,אסדרה קיימת,לא ביתי,בעיות במילוי בקשת הניוד,פרטי הזדהות איש קשר לא תקינים,נדחה,4
2021/10,מספקים וירטואליים,תחרות באספקה,ביתי,אחר,"החוזה לא ניתן לניוד ע""פ מערכות חחי",נדחה,1
2021/10,מספקים וירטואליים,תחרות באספקה,ביתי,ייפוי כוח חסר/לא תקין,ייפוי כוח חסר/לא תקין,נדחה,6
2021/10,מספקים וירטואליים,תחרות באספקה,ביתי,בעיות תקשורת במונה,לפחות אחד המונים אינו בר ניוד,נדחה,2
2021/10,מספקים וירטואליים,תחרות באספקה,ביתי,בעיות במילוי בקשת הניוד,פרטי הזדהות איש קשר לא תקינים,נדחה,2
2021/10,מספקים וירטואליים,תחרות באספקה,לא ביתי,אחר,לא נמצא מידע תואם במערכת המקור,נדחה,1
2021/10,מספקים וירטואליים,תחרות באספקה,לא ביתי,בעיות במילוי בקשת הניוד,פרטי הזדהות איש קשר לא תקינים,נדחה,1
2021/11,מספקים עם אמצעי ייצור,אסדרה קיימת,לא ביתי,אושר לניוד,תהליך הניוד הושלם,הושלם,375
2021/11,מספקים וירטואליים,תחרות באספקה,ביתי,אושר לניוד,תהליך הניוד הושלם,הושלם,1
2021/11,מספקים עם אמצעי ייצור,אסדרה קיימת,לא ביתי,בעיות במילוי בקשת הניוד,אי עמידה בתקופת המינימום לעסקה,נדחה,1
2021/11,מספקים עם אמצעי ייצור,אסדרה קיימת,לא ביתי,אחר,"החוזה לא ניתן לניוד ע""פ מערכות חחי",נדחה,2
2021/11,מספקים עם אמצעי ייצור,אסדרה קיימת,לא ביתי,אחר,החלפת לקוחות או סיום חוזה,נדחה,4
2021/11,מספקים עם אמצעי ייצור,אסדרה קיימת,לא ביתי,אחר,לא נמצא מידע תואם במערכת המקור,נדחה,24
2021/11,מספקים עם אמצעי ייצור,אסדרה קיימת,לא ביתי,בעיות תקשורת במונה,לפחות אחד המונים בעל קריאה מרחוק לא תקינה,נדחה,3
2021/11,מספקים עם אמצעי ייצור,אסדרה קיימת,לא ביתי,בעיות במילוי בקשת הניוד,פרטי הזדהות איש קשר לא תקינים,נדחה,9
2021/11,מספקים וירטואליים,תחרות באספקה,לא ביתי,אחר,לא נמצא מידע תואם במערכת המקור,נדחה,1
2021/11,מספקים וירטואליים,תחרות באספקה,לא ביתי,בעיות במילוי בקשת הניוד,פרטי הזדהות איש קשר לא תקינים,נדחה,1
2021/11,מספקים וירטואליים,תחרות באספקה,לא ביתי,בעיות במילוי בקשת הניוד,תאריך מבוקש לניוד לא תקין,נדחה,1
2021/12,מספקים עם אמצעי ייצור,אסדרה קיימת,לא ביתי,אושר לניוד,תהליך הניוד הושלם,הושלם,274
2021/12,מספקים וירטואליים,תחרות באספקה,ביתי,אושר לניוד,תהליך הניוד הושלם,הושלם,5
2021/12,מספקים עם אמצעי ייצור,אסדרה קיימת,ביתי,אחר,לא נמצא מידע תואם במערכת המקור,נדחה,1
2021/12,מספקים עם אמצעי ייצור,אסדרה קיימת,ביתי,בעיות תקשורת במונה,לפחות אחד המונים אינו בר ניוד,נדחה,1
2021/12,מספקים עם אמצעי ייצור,אסדרה קיימת,לא ביתי,אחר,"החוזה לא ניתן לניוד ע""פ מערכות חחי",נדחה,1
2021/12,מספקים עם אמצעי ייצור,אסדרה קיימת,לא ביתי,אחר,לא נמצא מידע תואם במערכת המקור,נדחה,21
2021/12,מספקים עם אמצעי ייצור,אסדרה קיימת,לא ביתי,בעיות תקשורת במונה,לפחות אחד המונים אינו בר ניוד,נדחה,11
2021/12,מספקים עם אמצעי ייצור,אסדרה קיימת,לא ביתי,בעיות תקשורת במונה,לפחות אחד המונים בעל קריאה מרחוק לא תקינה,נדחה,2
2021/12,מספקים עם אמצעי ייצור,אסדרה קיימת,לא ביתי,אחר,"נסגר ידנית ע""י נגה",נדחה,1
2021/12,מספקים עם אמצעי ייצור,אסדרה קיימת,לא ביתי,בעיות במילוי בקשת הניוד,פרטי הזדהות איש קשר לא תקינים,נדחה,4
2021/12,מספקים עם אמצעי ייצור,אסדרה קיימת,לא ביתי,בעיות במילוי בקשת הניוד,תאריך מבוקש לניוד לא תקין,נדחה,2
2021/12,מספקים וירטואליים,תחרות באספקה,ביתי,אחר,לא נמצא מידע תואם במערכת המקור,נדחה,1
2021/12,מספקים וירטואליים,תחרות באספקה,ביתי,בעיות במילוי בקשת הניוד,פרטי הזדהות איש קשר לא תקינים,נדחה,1
2021/12,מספקים וירטואליים,תחרות באספקה,לא ביתי,אחר,לא נמצא מידע תואם במערכת המקור,נדחה,1
2022/01,מספקים עם אמצעי ייצור,אסדרה קיימת,לא ביתי,אושר לניוד,תהליך הניוד הושלם,הושלם,22
2022/01,מספקים וירטואליים,תחרות באספקה,ביתי,אושר לניוד,תהליך הניוד הושלם,הושלם,11
2022/01,מספקים עם אמצעי ייצור,אסדרה קיימת,לא ביתי,אחר,"החוזה לא ניתן לניוד ע""פ מערכות חחי",נדחה,2
2022/01,מספקים עם אמצעי ייצור,אסדרה קיימת,לא ביתי,בעיות תקשורת במונה,לפחות אחד המונים אינו בר ניוד,נדחה,2
2022/01,מספקים עם אמצעי ייצור,אסדרה קיימת,לא ביתי,בעיות במילוי בקשת הניוד,פרטי הזדהות איש קשר לא תקינים,נדחה,8
2022/01,מספקים וירטואליים,תחרות באספקה,ביתי,בעיות תקשורת במונה,לפחות אחד המונים בעל קריאה מרחוק לא תקינה,נדחה,1
2022/01,מספקים וירטואליים,תחרות באספקה,לא ביתי,בעיות במילוי בקשת הניוד,תאריך מבוקש לניוד לא תקין,נדחה,1
2022/02,מספקים עם אמצעי ייצור,אסדרה קיימת,לא ביתי,אושר לניוד,תהליך הניוד הושלם,הושלם,87
2022/02,מספקים עם אמצעי ייצור,אסדרה קיימת,לא ביתי,אחר,החוזה לא פעיל,נדחה,2
2022/02,מספקים עם אמצעי ייצור,אסדרה קיימת,לא ביתי,ייפוי כוח חסר/לא תקין,ייפוי כוח חסר/לא תקין,נדחה,31
2022/02,מספקים עם אמצעי ייצור,אסדרה קיימת,לא ביתי,בעיות במילוי בקשת הניוד,לא נמצא איש קשר עבור החוזה,נדחה,3
2022/02,מספקים עם אמצעי ייצור,אסדרה קיימת,לא ביתי,בעיות תקשורת במונה,לפחות אחד המונים אינו בר ניוד,נדחה,6
2022/02,מספקים עם אמצעי ייצור,אסדרה קיימת,לא ביתי,בעיות במילוי בקשת הניוד,פרטי הזדהות איש קשר לא תקינים,נדחה,1
2022/02,מספקים עם אמצעי ייצור,אסדרה קיימת,לא ביתי,בעיות במילוי בקשת הניוד,תאריך מבוקש לניוד לא תקין,נדחה,1
2022/02,מספקים וירטואליים,תחרות באספקה,ביתי,בעיות תקשורת במונה,לפחות אחד המונים בעל קריאה מרחוק לא תקינה,נדחה,5
2022/02,מספקים וירטואליים,תחרות באספקה,לא ביתי,בעיות במילוי בקשת הניוד,תאריך מבוקש לניוד לא תקין,נדחה,1
2022/03,מספקים עם אמצעי ייצור,אסדרה קיימת,לא ביתי,אושר לניוד,תהליך הניוד הושלם,הושלם,89
2022/03,מספקים עם אמצעי ייצור,אסדרה קיימת,לא ביתי,בעיות במילוי בקשת הניוד,לא נמצא איש קשר עבור החוזה,נדחה,3
2022/03,מספקים עם אמצעי ייצור,אסדרה קיימת,לא ביתי,אחר,לא נמצא מידע תואם במערכת המקור,נדחה,1
2022/03,מספקים עם אמצעי ייצור,אסדרה קיימת,לא ביתי,בעיות תקשורת במונה,לפחות אחד המונים אינו בר ניוד,נדחה,2
2022/03,מספקים עם אמצעי ייצור,אסדרה קיימת,לא ביתי,בעיות תקשורת במונה,לפחות אחד המונים בעל קריאה מרחוק לא תקינה,נדחה,2
2022/03,מספקים וירטואליים,תחרות באספקה,לא ביתי,אחר,בדיקות מכסה נכשלו,נדחה,18
2022/03,מספקים וירטואליים,תחרות באספקה,לא ביתי,ייפוי כוח חסר/לא תקין,ייפוי כוח חסר/לא תקין,נדחה,1
2022/03,מספקים וירטואליים,תחרות באספקה,לא ביתי,בעיות תקשורת במונה,לפחות אחד המונים בעל קריאה מרחוק לא תקינה,נדחה,1
2022/04,מספקים עם אמצעי ייצור,אסדרה קיימת,לא ביתי,אושר לניוד,תהליך הניוד הושלם,הושלם,113
2022/04,מספקים וירטואליים,תחרות באספקה,ביתי,אושר לניוד,תהליך הניוד הושלם,הושלם,2
2022/04,מספקים עם אמצעי ייצור,אסדרה קיימת,לא ביתי,אחר,אי תאימות במונים שהוגשו,נדחה,2
2022/04,מספקים עם אמצעי ייצור,אסדרה קיימת,לא ביתי,אחר,החוזה לא פעיל,נדחה,1
2022/04,מספקים עם אמצעי ייצור,אסדרה קיימת,לא ביתי,אחר,לא נמצא מידע תואם במערכת המקור,נדחה,1
2022/04,מספקים עם אמצעי ייצור,אסדרה קיימת,לא ביתי,בעיות תקשורת במונה,לפחות אחד המונים אינו בר ניוד,נדחה,17
2022/04,מספקים עם אמצעי ייצור,אסדרה קיימת,לא ביתי,בעיות במילוי בקשת הניוד,תאריך מבוקש לניוד לא תקין,נדחה,1
2022/04,מספקים וירטואליים,תחרות באספקה,ביתי,בעיות תקשורת במונה,לפחות אחד המונים בעל קריאה מרחוק לא תקינה,נדחה,2
2022/05,מספקים עם אמצעי ייצור,אסדרה קיימת,לא ביתי,אושר לניוד,תהליך הניוד הושלם,הושלם,13
2022/05,מספקים וירטואליים,תחרות באספקה,ביתי,אושר לניוד,תהליך הניוד הושלם,הושלם,20
2022/05,מספקים עם אמצעי ייצור,אסדרה קיימת,לא ביתי,בעיות תקשורת במונה,לפחות לאחד המונים אין יכולות קריאה מרחוק,נדחה,1
2022/05,מספקים עם אמצעי ייצור,אסדרה קיימת,לא ביתי,בעיות במילוי בקשת הניוד,תאריך מבוקש לניוד לא תקין,נדחה,1
2022/05,מספקים וירטואליים,תחרות באספקה,ביתי,אחר,"החוזה לא ניתן לניוד ע""פ מערכות חחי",נדחה,2
2022/05,מספקים וירטואליים,תחרות באספקה,ביתי,ייפוי כוח חסר/לא תקין,ייפוי כוח חסר/לא תקין,נדחה,1
2022/05,מספקים וירטואליים,תחרות באספקה,ביתי,אחר,לא נמצא מידע תואם במערכת המקור,נדחה,1
2022/05,מספקים וירטואליים,תחרות באספקה,ביתי,בעיות תקשורת במונה,לפחות אחד המונים אינו בר ניוד,נדחה,8
2022/05,מספקים וירטואליים,תחרות באספקה,לא ביתי,אחר,בדיקות מכסה נכשלו,נדחה,3
2022/05,מספקים וירטואליים,תחרות באספקה,לא ביתי,אחר,לא נמצא מידע תואם במערכת המקור,נדחה,3
2022/05,מספקים וירטואליים,תחרות באספקה,לא ביתי,בעיות תקשורת במונה,לפחות אחד המונים אינו בר ניוד,נדחה,1
2022/06,מספקים עם אמצעי ייצור,אסדרה קיימת,לא ביתי,אושר לניוד,תהליך הניוד הושלם,הושלם,39
2022/06,מספקים וירטואליים,תחרות באספקה,ביתי,אושר לניוד,תהליך הניוד הושלם,הושלם,31
2022/06,מספקים וירטואליים,תחרות באספקה,לא ביתי,אושר לניוד,תהליך הניוד הושלם,הושלם,293
2022/06,מספקים עם אמצעי ייצור,אסדרה קיימת,לא ביתי,בעיות תקשורת במונה,לפחות לאחד המונים אין יכולות קריאה מרחוק,נדחה,1
2022/06,מספקים וירטואליים,תחרות באספקה,ביתי,אחר,"החוזה לא ניתן לניוד ע""פ מערכות חחי",נדחה,2
2022/06,מספקים וירטואליים,תחרות באספקה,ביתי,ייפוי כוח חסר/לא תקין,ייפוי כוח חסר/לא תקין,נדחה,1
2022/06,מספקים וירטואליים,תחרות באספקה,ביתי,אחר,לא נמצא מידע תואם במערכת המקור,נדחה,1
2022/06,מספקים וירטואליים,תחרות באספקה,ביתי,בעיות תקשורת במונה,לפחות אחד המונים אינו בר ניוד,נדחה,6
2022/06,מספקים וירטואליים,תחרות באספקה,לא ביתי,אחר,אי תאימות במונים שהוגשו,נדחה,2
2022/06,מספקים וירטואליים,תחרות באספקה,לא ביתי,אחר,"החוזה לא ניתן לניוד ע""פ מערכות חחי",נדחה,82
2022/06,מספקים וירטואליים,תחרות באספקה,לא ביתי,אחר,החוזה לא פעיל,נדחה,2
2022/06,מספקים וירטואליים,תחרות באספקה,לא ביתי,ייפוי כוח חסר/לא תקין,ייפוי כוח חסר/לא תקין,נדחה,1
2022/06,מספקים וירטואליים,תחרות באספקה,לא ביתי,בעיות במילוי בקשת הניוד,לא כל מוני החוזה הוגשו,נדחה,5
2022/06,מספקים וירטואליים,תחרות באספקה,לא ביתי,אחר,לא נמצא מידע תואם במערכת המקור,נדחה,5
2022/06,מספקים וירטואליים,תחרות באספקה,לא ביתי,בעיות תקשורת במונה,לפחות אחד המונים אינו בר ניוד,נדחה,207
2022/06,מספקים וירטואליים,תחרות באספקה,לא ביתי,בעיות תקשורת במונה,לפחות לאחד המונים אין יכולות קריאה מרחוק,נדחה,2
2022/06,מספקים וירטואליים,תחרות באספקה,לא ביתי,בעיות במילוי בקשת הניוד,תאריך מבוקש לניוד לא תקין,נדחה,9
2022/07,מספקים עם אמצעי ייצור,אסדרה קיימת,לא ביתי,אושר לניוד,תהליך הניוד הושלם,הושלם,81
2022/07,מספקים וירטואליים,תחרות באספקה,ביתי,אושר לניוד,תהליך הניוד הושלם,הושלם,29
2022/07,מספקים וירטואליים,תחרות באספקה,לא ביתי,אושר לניוד,תהליך הניוד הושלם,הושלם,20
2022/07,מספקים עם אמצעי ייצור,אסדרה קיימת,לא ביתי,אחר,החוזה לא פעיל,נדחה,1
2022/07,מספקים עם אמצעי ייצור,אסדרה קיימת,לא ביתי,ייפוי כוח חסר/לא תקין,ייפוי כוח חסר/לא תקין,נדחה,1
2022/07,מספקים עם אמצעי ייצור,אסדרה קיימת,לא ביתי,אחר,לא נמצא מידע תואם במערכת המקור,נדחה,1
2022/07,מספקים עם אמצעי ייצור,אסדרה קיימת,לא ביתי,בעיות תקשורת במונה,לפחות אחד המונים אינו בר ניוד,נדחה,1
2022/07,מספקים וירטואליים,תחרות באספקה,ביתי,אחר,"החוזה לא ניתן לניוד ע""פ מערכות חחי",נדחה,8
2022/07,מספקים וירטואליים,תחרות באספקה,ביתי,בעיות במילוי בקשת הניוד,חוזה זה כבר קיים למספק זה,נדחה,3
2022/07,מספקים וירטואליים,תחרות באספקה,ביתי,בעיות תקשורת במונה,לפחות אחד המונים אינו בר ניוד,נדחה,22
2022/07,מספקים וירטואליים,תחרות באספקה,ביתי,בעיות תקשורת במונה,לפחות אחד המונים בעל קריאה מרחוק לא תקינה,נדחה,2
2022/07,מספקים וירטואליים,תחרות באספקה,ביתי,בעיות במילוי בקשת הניוד,פרטי הזדהות איש קשר לא תקינים,נדחה,2
2022/07,מספקים וירטואליים,תחרות באספקה,לא ביתי,אחר,"החוזה לא ניתן לניוד ע""פ מערכות חחי",נדחה,13
2022/07,מספקים וירטואליים,תחרות באספקה,לא ביתי,אחר,החוזה לא פעיל,נדחה,1
2022/07,מספקים וירטואליים,תחרות באספקה,לא ביתי,בעיות במילוי בקשת הניוד,חוזה זה כבר קיים למספק זה,נדחה,2
2022/07,מספקים וירטואליים,תחרות באספקה,לא ביתי,ייפוי כוח חסר/לא תקין,ייפוי כוח חסר/לא תקין,נדחה,1
2022/07,מספקים וירטואליים,תחרות באספקה,לא ביתי,אחר,לא נמצא מידע תואם במערכת המקור,נדחה,3
2022/07,מספקים וירטואליים,תחרות באספקה,לא ביתי,בעיות תקשורת במונה,לפחות אחד המונים אינו בר ניוד,נדחה,10
2022/07,מספקים וירטואליים,תחרות באספקה,לא ביתי,בעיות תקשורת במונה,לפחות לאחד המונים אין יכולות קריאה מרחוק,נדחה,1
2022/07,מספקים וירטואליים,תחרות באספקה,לא ביתי,בעיות במילוי בקשת הניוד,תאריך מבוקש לניוד לא תקין,נדחה,1
2022/08,מספקים עם אמצעי ייצור,אסדרה קיימת,לא ביתי,אושר לניוד,תהליך הניוד הושלם,הושלם,112
2022/08,מספקים וירטואליים,תחרות באספקה,ביתי,אושר לניוד,תהליך הניוד הושלם,הושלם,32
2022/08,מספקים עם אמצעי ייצור,אסדרה קיימת,לא ביתי,אחר,אי תאימות במונים שהוגשו,נדחה,6
2022/08,מספקים עם אמצעי ייצור,אסדרה קיימת,לא ביתי,אחר,"בוטל ידנית ע""י המספק",נדחה,1
2022/08,מספקים עם אמצעי ייצור,אסדרה קיימת,לא ביתי,אחר,החוזה לא פעיל,נדחה,2
2022/08,מספקים עם אמצעי ייצור,אסדרה קיימת,לא ביתי,בעיות תקשורת במונה,לפחות אחד המונים אינו בר ניוד,נדחה,9
2022/08,מספקים עם אמצעי ייצור,אסדרה קיימת,לא ביתי,בעיות תקשורת במונה,לפחות אחד המונים תחת החוזה אינו בעל יכולת רישום רציף,נדחה,1
2022/08,מספקים וירטואליים,תחרות באספקה,ביתי,ייפוי כוח חסר/לא תקין,ייפוי כוח חסר/לא תקין,נדחה,1
2022/08,מספקים וירטואליים,תחרות באספקה,ביתי,אחר,לא נמצא מידע תואם במערכת המקור,נדחה,1
2022/08,מספקים וירטואליים,תחרות באספקה,ביתי,בעיות תקשורת במונה,לפחות אחד המונים אינו בר ניוד,נדחה,21
2022/08,מספקים וירטואליים,תחרות באספקה,ביתי,בעיות תקשורת במונה,לפחות אחד המונים תחת החוזה אינו בעל יכולת רישום רציף,נדחה,4
2022/08,מספקים וירטואליים,תחרות באספקה,ביתי,בעיות תקשורת במונה,לפחות לאחד המונים אין יכולות קריאה מרחוק,נדחה,1
2022/08,מספקים וירטואליים,תחרות באספקה,ביתי,אחר,נדחה בשל אי מענה ממשקים,נדחה,1
2022/08,מספקים וירטואליים,תחרות באספקה,לא ביתי,אחר,בדיקות מכסה נכשלו,נדחה,4
2022/08,מספקים וירטואליים,תחרות באספקה,לא ביתי,אחר,"בוטל ידנית ע""י המספק",נדחה,1
2022/08,מספקים וירטואליים,תחרות באספקה,לא ביתי,אחר,החוזה לא פעיל,נדחה,1
2022/08,מספקים וירטואליים,תחרות באספקה,לא ביתי,אחר,לא נמצא מידע תואם במערכת המקור,נדחה,1
2022/08,מספקים וירטואליים,תחרות באספקה,לא ביתי,בעיות תקשורת במונה,לפחות אחד המונים אינו בר ניוד,נדחה,2
2022/09,מספקים עם אמצעי ייצור,אסדרה קיימת,לא ביתי,אושר לניוד,תהליך הניוד הושלם,הושלם,107
2022/09,מספקים וירטואליים,תחרות באספקה,ביתי,אושר לניוד,תהליך הניוד הושלם,הושלם,61
2022/09,מספקים וירטואליים,תחרות באספקה,לא ביתי,אושר לניוד,תהליך הניוד הושלם,הושלם,19
2022/09,מספקים עם אמצעי ייצור,אסדרה קיימת,לא ביתי,אחר,"בוטל ידנית ע""י המספק",נדחה,2
2022/09,מספקים עם אמצעי ייצור,אסדרה קיימת,לא ביתי,ייפוי כוח חסר/לא תקין,ייפוי כוח חסר/לא תקין,נדחה,1
2022/09,מספקים עם אמצעי ייצור,אסדרה קיימת,לא ביתי,אחר,לא נמצא מידע תואם במערכת המקור,נדחה,2
2022/09,מספקים עם אמצעי ייצור,אסדרה קיימת,לא ביתי,בעיות תקשורת במונה,לפחות אחד המונים אינו בר ניוד,נדחה,11
2022/09,מספקים עם אמצעי ייצור,אסדרה קיימת,לא ביתי,בעיות תקשורת במונה,לפחות אחד המונים תחת החוזה אינו בעל יכולת רישום רציף,נדחה,7
2022/09,מספקים עם אמצעי ייצור,אסדרה קיימת,לא ביתי,בעיות תקשורת במונה,לפחות לאחד המונים אין יכולות קריאה מרחוק,נדחה,3
2022/09,מספקים וירטואליים,תחרות באספקה,ביתי,אחר,"בוטל ידנית ע""י המספק",נדחה,1
2022/09,מספקים וירטואליים,תחרות באספקה,ביתי,בעיות במילוי בקשת הניוד,חוזה זה כבר קיים למספק זה,נדחה,1
2022/09,מספקים וירטואליים,תחרות באספקה,ביתי,ייפוי כוח חסר/לא תקין,ייפוי כוח חסר/לא תקין,נדחה,11
2022/09,מספקים וירטואליים,תחרות באספקה,ביתי,אחר,לא נמצא מידע תואם במערכת המקור,נדחה,1
2022/09,מספקים וירטואליים,תחרות באספקה,ביתי,בעיות תקשורת במונה,לפחות אחד המונים אינו בר ניוד,נדחה,21
2022/09,מספקים וירטואליים,תחרות באספקה,ביתי,בעיות תקשורת במונה,לפחות אחד המונים בעל קריאה מרחוק לא תקינה,נדחה,1
2022/09,מספקים וירטואליים,תחרות באספקה,ביתי,בעיות תקשורת במונה,לפחות אחד המונים תחת החוזה אינו בעל יכולת רישום רציף,נדחה,12
2022/09,מספקים וירטואליים,תחרות באספקה,לא ביתי,אחר,אי תאימות במונים שהוגשו,נדחה,2
2022/09,מספקים וירטואליים,תחרות באספקה,לא ביתי,אחר,החוזה לא פעיל,נדחה,1
2022/09,מספקים וירטואליים,תחרות באספקה,לא ביתי,אחר,לא נמצא מידע תואם במערכת המקור,נדחה,3
2022/09,מספקים וירטואליים,תחרות באספקה,לא ביתי,בעיות תקשורת במונה,לפחות אחד המונים אינו בר ניוד,נדחה,5
2022/09,מספקים וירטואליים,תחרות באספקה,לא ביתי,בעיות תקשורת במונה,לפחות אחד המונים תחת החוזה אינו בעל יכולת רישום רציף,נדחה,3
2022/09,מספקים וירטואליים,תחרות באספקה,לא ביתי,אחר,נדחה בשל אי מענה ממשקים,נדחה,2
2022/09,מספקים וירטואליים,תחרות באספקה,לא ביתי,אחר,"נסגר ידנית ע""י נגה",נדחה,1
2022/09,מספקים וירטואליים,תחרות באספקה,לא ביתי,בעיות במילוי בקשת הניוד,פרטי הזדהות איש קשר לא תקינים,נדחה,2
2022/09,מספקים וירטואליים,תחרות באספקה,לא ביתי,בעיות במילוי בקשת הניוד,תאריך מבוקש לניוד לא תקין,נדחה,1
2022/10,מספקים עם אמצעי ייצור,אסדרה קיימת,לא ביתי,אושר לניוד,תהליך הניוד הושלם,הושלם,409
2022/10,מספקים וירטואליים,תחרות באספקה,ביתי,אושר לניוד,תהליך הניוד הושלם,הושלם,32
2022/10,מספקים וירטואליים,תחרות באספקה,לא ביתי,אושר לניוד,תהליך הניוד הושלם,הושלם,16
2022/10,מספקים עם אמצעי ייצור,אסדרה קיימת,לא ביתי,אחר,"בוטל ידנית ע""י המספק",נדחה,5
2022/10,מספקים עם אמצעי ייצור,אסדרה קיימת,לא ביתי,אחר,החוזה לא פעיל,נדחה,4
2022/10,מספקים עם אמצעי ייצור,אסדרה קיימת,לא ביתי,בעיות במילוי בקשת הניוד,חוזה זה כבר קיים למספק זה,נדחה,1
2022/10,מספקים עם אמצעי ייצור,אסדרה קיימת,לא ביתי,אחר,לא נמצא מידע תואם במערכת המקור,נדחה,1
2022/10,מספקים עם אמצעי ייצור,אסדרה קיימת,לא ביתי,בעיות תקשורת במונה,לפחות אחד המונים אינו בר ניוד,נדחה,7
2022/10,מספקים עם אמצעי ייצור,אסדרה קיימת,לא ביתי,בעיות תקשורת במונה,לפחות אחד המונים בעל קריאה מרחוק לא תקינה,נדחה,1
2022/10,מספקים עם אמצעי ייצור,אסדרה קיימת,לא ביתי,בעיות תקשורת במונה,לפחות אחד המונים תחת החוזה אינו בעל יכולת רישום רציף,נדחה,2
2022/10,מספקים עם אמצעי ייצור,אסדרה קיימת,לא ביתי,בעיות תקשורת במונה,לפחות לאחד המונים אין יכולות קריאה מרחוק,נדחה,10
2022/10,מספקים וירטואליים,תחרות באספקה,ביתי,ייפוי כוח חסר/לא תקין,ייפוי כוח חסר/לא תקין,נדחה,4
2022/10,מספקים וירטואליים,תחרות באספקה,ביתי,אחר,לא נמצא מידע תואם במערכת המקור,נדחה,3
2022/10,מספקים וירטואליים,תחרות באספקה,ביתי,בעיות תקשורת במונה,לפחות אחד המונים אינו בר ניוד,נדחה,36
2022/10,מספקים וירטואליים,תחרות באספקה,ביתי,בעיות תקשורת במונה,לפחות אחד המונים תחת החוזה אינו בעל יכולת רישום רציף,נדחה,10
2022/10,מספקים וירטואליים,תחרות באספקה,לא ביתי,אחר,החוזה לא פעיל,נדחה,3
2022/10,מספקים וירטואליים,תחרות באספקה,לא ביתי,אחר,לא נמצא מידע תואם במערכת המקור,נדחה,7
2022/10,מספקים וירטואליים,תחרות באספקה,לא ביתי,בעיות תקשורת במונה,לפחות אחד המונים אינו בר ניוד,נדחה,3
2022/11,מספקים עם אמצעי ייצור,אסדרה קיימת,לא ביתי,אושר לניוד,תהליך הניוד הושלם,הושלם,218
2022/11,מספקים וירטואליים,תחרות באספקה,ביתי,אושר לניוד,תהליך הניוד הושלם,הושלם,90
2022/11,מספקים וירטואליים,תחרות באספקה,לא ביתי,אושר לניוד,תהליך הניוד הושלם,הושלם,5
2022/11,מספקים עם אמצעי ייצור,אסדרה קיימת,לא ביתי,אחר,אי תאימות במונים שהוגשו,נדחה,1
2022/11,מספקים עם אמצעי ייצור,אסדרה קיימת,לא ביתי,בעיות תקשורת במונה,לפחות אחד המונים אינו בר ניוד,נדחה,15
2022/11,מספקים עם אמצעי ייצור,אסדרה קיימת,לא ביתי,בעיות תקשורת במונה,לפחות אחד המונים בעל קריאה מרחוק לא תקינה,נדחה,1
2022/11,מספקים עם אמצעי ייצור,אסדרה קיימת,לא ביתי,בעיות תקשורת במונה,לפחות אחד המונים תחת החוזה אינו בעל יכולת רישום רציף,נדחה,2
2022/11,מספקים עם אמצעי ייצור,אסדרה קיימת,לא ביתי,בעיות תקשורת במונה,לפחות לאחד המונים אין יכולות קריאה מרחוק,נדחה,4
2022/11,מספקים וירטואליים,תחרות באספקה,ביתי,ייפוי כוח חסר/לא תקין,ייפוי כוח חסר/לא תקין,נדחה,8
2022/11,מספקים וירטואליים,תחרות באספקה,ביתי,אחר,לא נמצא מידע תואם במערכת המקור,נדחה,7
2022/11,מספקים וירטואליים,תחרות באספקה,ביתי,בעיות תקשורת במונה,לפחות אחד המונים אינו בר ניוד,נדחה,19
2022/11,מספקים וירטואליים,תחרות באספקה,ביתי,בעיות תקשורת במונה,לפחות אחד המונים בעל קריאה מרחוק לא תקינה,נדחה,9
2022/11,מספקים וירטואליים,תחרות באספקה,ביתי,בעיות תקשורת במונה,לפחות אחד המונים תחת החוזה אינו בעל יכולת רישום רציף,נדחה,6
2022/11,מספקים וירטואליים,תחרות באספקה,לא ביתי,אחר,החוזה לא פעיל,נדחה,3
2022/11,מספקים וירטואליים,תחרות באספקה,לא ביתי,ייפוי כוח חסר/לא תקין,ייפוי כוח חסר/לא תקין,נדחה,4
2022/11,מספקים וירטואליים,תחרות באספקה,לא ביתי,אחר,לא נמצא מידע תואם במערכת המקור,נדחה,2
2022/11,מספקים וירטואליים,תחרות באספקה,לא ביתי,בעיות תקשורת במונה,לפחות אחד המונים אינו בר ניוד,נדחה,1
2022/11,מספקים וירטואליים,תחרות באספקה,לא ביתי,בעיות תקשורת במונה,לפחות אחד המונים תחת החוזה אינו בעל יכולת רישום רציף,נדחה,1
2022/11,מספקים וירטואליים,תחרות באספקה,לא ביתי,בעיות במילוי בקשת הניוד,תאריך מבוקש לניוד לא תקין,נדחה,1
2022/12,מספקים עם אמצעי ייצור,אסדרה קיימת,לא ביתי,אושר לניוד,תהליך הניוד הושלם,הושלם,175
2022/12,מספקים וירטואליים,תחרות באספקה,ביתי,אושר לניוד,תהליך הניוד הושלם,הושלם,83
2022/12,מספקים וירטואליים,תחרות באספקה,לא ביתי,אושר לניוד,תהליך הניוד הושלם,הושלם,8
2022/12,מספקים עם אמצעי ייצור,אסדרה קיימת,לא ביתי,אחר,אי תאימות במונים שהוגשו,נדחה,4
2022/12,מספקים עם אמצעי ייצור,אסדרה קיימת,לא ביתי,אחר,החוזה לא פעיל,נדחה,4
2022/12,מספקים עם אמצעי ייצור,אסדרה קיימת,לא ביתי,ייפוי כוח חסר/לא תקין,ייפוי כוח חסר/לא תקין,נדחה,3
2022/12,מספקים עם אמצעי ייצור,אסדרה קיימת,לא ביתי,בעיות תקשורת במונה,לפחות אחד המונים אינו בר ניוד,נדחה,13
2022/12,מספקים עם אמצעי ייצור,אסדרה קיימת,לא ביתי,בעיות תקשורת במונה,לפחות אחד המונים בעל קריאה מרחוק לא תקינה,נדחה,1
2022/12,מספקים עם אמצעי ייצור,אסדרה קיימת,לא ביתי,בעיות תקשורת במונה,לפחות אחד המונים תחת החוזה אינו בעל יכולת רישום רציף,נדחה,1
2022/12,מספקים עם אמצעי ייצור,אסדרה קיימת,לא ביתי,בעיות תקשורת במונה,לפחות לאחד המונים אין יכולות קריאה מרחוק,נדחה,3
2022/12,מספקים עם אמצעי ייצור,אסדרה קיימת,לא ביתי,בעיות במילוי בקשת הניוד,פרטי הזדהות איש קשר לא תקינים,נדחה,1
2022/12,מספקים וירטואליים,תחרות באספקה,ביתי,אחר,לא נמצא מידע תואם במערכת המקור,נדחה,1
2022/12,מספקים וירטואליים,תחרות באספקה,ביתי,בעיות תקשורת במונה,לפחות אחד המונים אינו בר ניוד,נדחה,8
2022/12,מספקים וירטואליים,תחרות באספקה,ביתי,בעיות תקשורת במונה,לפחות אחד המונים בעל קריאה מרחוק לא תקינה,נדחה,6
2023/01,מספקים עם אמצעי ייצור,אסדרה קיימת,ביתי,אושר לניוד,תהליך הניוד הושלם,הושלם,1
2023/01,מספקים עם אמצעי ייצור,אסדרה קיימת,לא ביתי,אושר לניוד,תהליך הניוד הושלם,הושלם,67
2023/01,מספקים וירטואליים,תחרות באספקה,ביתי,אושר לניוד,תהליך הניוד הושלם,הושלם,79
2023/01,מספקים וירטואליים,תחרות באספקה,לא ביתי,אושר לניוד,תהליך הניוד הושלם,הושלם,44
2023/01,מספקים עם אמצעי ייצור,אסדרה קיימת,לא ביתי,אחר,אי תאימות במונים שהוגשו,נדחה,4
2023/01,מספקים עם אמצעי ייצור,אסדרה קיימת,לא ביתי,אחר,"בוטל ידנית ע""י המספק",נדחה,2
2023/01,מספקים עם אמצעי ייצור,אסדרה קיימת,לא ביתי,ייפוי כוח חסר/לא תקין,ייפוי כוח חסר/לא תקין,נדחה,2
2023/01,מספקים עם אמצעי ייצור,אסדרה קיימת,לא ביתי,אחר,לא נמצא מידע תואם במערכת המקור,נדחה,1
2023/01,מספקים עם אמצעי ייצור,אסדרה קיימת,לא ביתי,בעיות תקשורת במונה,לפחות אחד המונים אינו בר ניוד,נדחה,4
2023/01,מספקים עם אמצעי ייצור,אסדרה קיימת,לא ביתי,בעיות תקשורת במונה,לפחות אחד המונים בעל קריאה מרחוק לא תקינה,נדחה,1
2023/01,מספקים עם אמצעי ייצור,אסדרה קיימת,לא ביתי,בעיות תקשורת במונה,לפחות אחד המונים תחת החוזה אינו בעל יכולת רישום רציף,נדחה,1
2023/01,מספקים עם אמצעי ייצור,אסדרה קיימת,לא ביתי,בעיות תקשורת במונה,לפחות לאחד המונים אין יכולות קריאה מרחוק,נדחה,3
2023/01,מספקים וירטואליים,תחרות באספקה,ביתי,ייפוי כוח חסר/לא תקין,ייפוי כוח חסר/לא תקין,נדחה,1
2023/01,מספקים וירטואליים,תחרות באספקה,ביתי,אחר,לא נמצא מידע תואם במערכת המקור,נדחה,1
2023/01,מספקים וירטואליים,תחרות באספקה,ביתי,בעיות תקשורת במונה,לפחות אחד המונים אינו בר ניוד,נדחה,4
2023/01,מספקים וירטואליים,תחרות באספקה,ביתי,בעיות תקשורת במונה,לפחות אחד המונים בעל קריאה מרחוק לא תקינה,נדחה,5
2023/01,מספקים וירטואליים,תחרות באספקה,ביתי,בעיות תקשורת במונה,לפחות לאחד המונים אין יכולות קריאה מרחוק,נדחה,1
2023/01,מספקים וירטואליים,תחרות באספקה,ביתי,בעיות במילוי בקשת הניוד,תאריך מבוקש לניוד לא תקין,נדחה,29
2023/01,מספקים וירטואליים,תחרות באספקה,לא ביתי,אחר,לא נמצא מידע תואם במערכת המקור,נדחה,1
2023/01,מספקים וירטואליים,תחרות באספקה,לא ביתי,בעיות תקשורת במונה,לפחות אחד המונים אינו בר ניוד,נדחה,7
2023/01,מספקים וירטואליים,תחרות באספקה,לא ביתי,בעיות תקשורת במונה,לפחות אחד המונים תחת החוזה אינו בעל יכולת רישום רציף,נדחה,1
2023/01,מספקים וירטואליים,תחרות באספקה,לא ביתי,בעיות במילוי בקשת הניוד,תאריך מבוקש לניוד לא תקין,נדחה,1
2023/02,מספקים עם אמצעי ייצור,אסדרה קיימת,ביתי,אושר לניוד,תהליך הניוד הושלם,הושלם,5
2023/02,מספקים עם אמצעי ייצור,אסדרה קיימת,לא ביתי,אושר לניוד,תהליך הניוד הושלם,הושלם,95
2023/02,מספקים וירטואליים,תחרות באספקה,ביתי,אושר לניוד,תהליך הניוד הושלם,הושלם,135
2023/02,מספקים וירטואליים,תחרות באספקה,לא ביתי,אושר לניוד,תהליך הניוד הושלם,הושלם,31
2023/02,מספקים עם אמצעי ייצור,אסדרה קיימת,ביתי,אחר,"בוטל ידנית ע""י המספק",נדחה,1
2023/02,מספקים עם אמצעי ייצור,אסדרה קיימת,לא ביתי,בעיות במילוי בקשת הניוד,חוזה זה כבר קיים למספק זה,נדחה,2
2023/02,מספקים עם אמצעי ייצור,אסדרה קיימת,לא ביתי,ייפוי כוח חסר/לא תקין,ייפוי כוח חסר/לא תקין,נדחה,6
2023/02,מספקים עם אמצעי ייצור,אסדרה קיימת,לא ביתי,אחר,לא נמצא מידע תואם במערכת המקור,נדחה,15
2023/02,מספקים עם אמצעי ייצור,אסדרה קיימת,לא ביתי,בעיות תקשורת במונה,לפחות אחד המונים בעל קריאה מרחוק לא תקינה,נדחה,5
2023/02,מספקים עם אמצעי ייצור,אסדרה קיימת,לא ביתי,בעיות תקשורת במונה,לפחות לאחד המונים אין יכולות קריאה מרחוק,נדחה,1
2023/02,מספקים וירטואליים,תחרות באספקה,ביתי,ייפוי כוח חסר/לא תקין,ייפוי כוח חסר/לא תקין,נדחה,4
2023/02,מספקים וירטואליים,תחרות באספקה,ביתי,אחר,לא נמצא מידע תואם במערכת המקור,נדחה,2
2023/02,מספקים וירטואליים,תחרות באספקה,ביתי,בעיות תקשורת במונה,לפחות אחד המונים אינו בר ניוד,נדחה,4
2023/02,מספקים וירטואליים,תחרות באספקה,ביתי,בעיות תקשורת במונה,לפחות אחד המונים בעל קריאה מרחוק לא תקינה,נדחה,2
2023/02,מספקים וירטואליים,תחרות באספקה,לא ביתי,אחר,אי תאימות במונים שהוגשו,נדחה,1
2023/02,מספקים וירטואליים,תחרות באספקה,לא ביתי,אחר,לא נמצא מידע תואם במערכת המקור,נדחה,5
2023/02,מספקים וירטואליים,תחרות באספקה,לא ביתי,בעיות תקשורת במונה,לפחות אחד המונים אינו בר ניוד,נדחה,1
2023/03,מספקים עם אמצעי ייצור,אסדרה קיימת,ביתי,אושר לניוד,תהליך הניוד הושלם,הושלם,405
2023/03,מספקים עם אמצעי ייצור,אסדרה קיימת,לא ביתי,אושר לניוד,תהליך הניוד הושלם,הושלם,146
2023/03,מספקים וירטואליים,תחרות באספקה,ביתי,אושר לניוד,תהליך הניוד הושלם,הושלם,478
2023/03,מספקים וירטואליים,תחרות באספקה,לא ביתי,אושר לניוד,תהליך הניוד הושלם,הושלם,36
2023/03,מספקים עם אמצעי ייצור,אסדרה קיימת,ביתי,אחר,אי תאימות במונים שהוגשו,נדחה,1
2023/03,מספקים עם אמצעי ייצור,אסדרה קיימת,ביתי,אחר,"בוטל ידנית ע""י המספק",נדחה,1
2023/03,מספקים עם אמצעי ייצור,אסדרה קיימת,ביתי,ייפוי כוח חסר/לא תקין,ייפוי כוח חסר/לא תקין,נדחה,107
2023/03,מספקים עם אמצעי ייצור,אסדרה קיימת,ביתי,אחר,לא נמצא מידע תואם במערכת המקור,נדחה,11
2023/03,מספקים עם אמצעי ייצור,אסדרה קיימת,ביתי,בעיות תקשורת במונה,לפחות אחד המונים אינו בר ניוד,נדחה,23
2023/03,מספקים עם אמצעי ייצור,אסדרה קיימת,ביתי,בעיות תקשורת במונה,לפחות אחד המונים בעל קריאה מרחוק לא תקינה,נדחה,7
2023/03,מספקים עם אמצעי ייצור,אסדרה קיימת,ביתי,בעיות תקשורת במונה,לפחות אחד המונים תחת החוזה אינו בעל יכולת רישום רציף,נדחה,5
2023/03,מספקים עם אמצעי ייצור,אסדרה קיימת,ביתי,בעיות תקשורת במונה,לפחות לאחד המונים אין יכולות קריאה מרחוק,נדחה,1
2023/03,מספקים עם אמצעי ייצור,אסדרה קיימת,ביתי,אחר,נדחה בשל אי מענה ממשקים,נדחה,1
2023/03,מספקים עם אמצעי ייצור,אסדרה קיימת,ביתי,אחר,"נסגר ידנית ע""י נגה",נדחה,13
2023/03,מספקים עם אמצעי ייצור,אסדרה קיימת,לא ביתי,אחר,אי תאימות במונים שהוגשו,נדחה,2
2023/03,מספקים עם אמצעי ייצור,אסדרה קיימת,לא ביתי,אחר,"בוטל ידנית ע""י המספק",נדחה,5
2023/03,מספקים עם אמצעי ייצור,אסדרה קיימת,לא ביתי,אחר,החוזה לא פעיל,נדחה,1
2023/03,מספקים עם אמצעי ייצור,אסדרה קיימת,לא ביתי,ייפוי כוח חסר/לא תקין,ייפוי כוח חסר/לא תקין,נדחה,15
2023/03,מספקים עם אמצעי ייצור,אסדרה קיימת,לא ביתי,אחר,לא נמצא מידע תואם במערכת המקור,נדחה,27
2023/03,מספקים עם אמצעי ייצור,אסדרה קיימת,לא ביתי,בעיות תקשורת במונה,לפחות אחד המונים אינו בר ניוד,נדחה,11
2023/03,מספקים עם אמצעי ייצור,אסדרה קיימת,לא ביתי,בעיות תקשורת במונה,לפחות אחד המונים בעל קריאה מרחוק לא תקינה,נדחה,9
2023/03,מספקים עם אמצעי ייצור,אסדרה קיימת,לא ביתי,בעיות תקשורת במונה,לפחות אחד המונים תחת החוזה אינו בעל יכולת רישום רציף,נדחה,2
2023/03,מספקים עם אמצעי ייצור,אסדרה קיימת,לא ביתי,אחר,"נסגר ידנית ע""י נגה",נדחה,7
2023/03,מספקים וירטואליים,תחרות באספקה,ביתי,אחר,"בוטל ידנית ע""י המספק",נדחה,1
2023/03,מספקים וירטואליים,תחרות באספקה,ביתי,ייפוי כוח חסר/לא תקין,ייפוי כוח חסר/לא תקין,נדחה,36
2023/03,מספקים וירטואליים,תחרות באספקה,ביתי,אחר,לא נמצא מידע תואם במערכת המקור,נדחה,1
2023/03,מספקים וירטואליים,תחרות באספקה,ביתי,בעיות תקשורת במונה,לפחות אחד המונים אינו בר ניוד,נדחה,11
2023/03,מספקים וירטואליים,תחרות באספקה,ביתי,בעיות תקשורת במונה,לפחות אחד המונים בעל קריאה מרחוק לא תקינה,נדחה,11
2023/03,מספקים וירטואליים,תחרות באספקה,ביתי,בעיות תקשורת במונה,לפחות אחד המונים תחת החוזה אינו בעל יכולת רישום רציף,נדחה,2
2023/03,מספקים וירטואליים,תחרות באספקה,ביתי,אחר,נדחה בשל אי מענה ממשקים,נדחה,1
2023/03,מספקים וירטואליים,תחרות באספקה,ביתי,אחר,"נסגר ידנית ע""י נגה",נדחה,2
2023/03,מספקים וירטואליים,תחרות באספקה,לא ביתי,אחר,אי תאימות במונים שהוגשו,נדחה,31
2023/03,מספקים וירטואליים,תחרות באספקה,לא ביתי,אחר,"בוטל ידנית ע""י המספק",נדחה,11
2023/03,מספקים וירטואליים,תחרות באספקה,לא ביתי,אחר,החוזה לא פעיל,נדחה,1
2023/03,מספקים וירטואליים,תחרות באספקה,לא ביתי,ייפוי כוח חסר/לא תקין,ייפוי כוח חסר/לא תקין,נדחה,1
2023/03,מספקים וירטואליים,תחרות באספקה,לא ביתי,בעיות במילוי בקשת הניוד,לא כל מוני החוזה הוגשו,נדחה,5
2023/03,מספקים וירטואליים,תחרות באספקה,לא ביתי,אחר,לא נמצא מידע תואם במערכת המקור,נדחה,2
2023/03,מספקים וירטואליים,תחרות באספקה,לא ביתי,בעיות תקשורת במונה,לפחות אחד המונים אינו בר ניוד,נדחה,2
2023/03,מספקים וירטואליים,תחרות באספקה,לא ביתי,בעיות תקשורת במונה,לפחות אחד המונים בעל קריאה מרחוק לא תקינה,נדחה,3
2023/03,מספקים וירטואליים,תחרות באספקה,לא ביתי,בעיות תקשורת במונה,לפחות אחד המונים תחת החוזה אינו בעל יכולת רישום רציף,נדחה,4
2023/03,מספקים וירטואליים,תחרות באספקה,לא ביתי,אחר,"נסגר ידנית ע""י נגה",נדחה,10
2023/04,מספקים עם אמצעי ייצור,אסדרה קיימת,ביתי,אושר לניוד,תהליך הניוד הושלם,הושלם,451
2023/04,מספקים עם אמצעי ייצור,אסדרה קיימת,לא ביתי,אושר לניוד,תהליך הניוד הושלם,הושלם,296
2023/04,מספקים וירטואליים,תחרות באספקה,ביתי,אושר לניוד,תהליך הניוד הושלם,הושלם,412
2023/04,מספקים וירטואליים,תחרות באספקה,לא ביתי,אושר לניוד,תהליך הניוד הושלם,הושלם,55
2023/04,מספקים עם אמצעי ייצור,אסדרה קיימת,ביתי,אחר,"בוטל ידנית ע""י המספק",נדחה,14
2023/04,מספקים עם אמצעי ייצור,אסדרה קיימת,ביתי,ייפוי כוח חסר/לא תקין,ייפוי כוח חסר/לא תקין,נדחה,167
2023/04,מספקים עם אמצעי ייצור,אסדרה קיימת,ביתי,אחר,לא נמצא מידע תואם במערכת המקור,נדחה,10
2023/04,מספקים עם אמצעי ייצור,אסדרה קיימת,ביתי,בעיות תקשורת במונה,לפחות אחד המונים אינו בר ניוד,נדחה,24
2023/04,מספקים עם אמצעי ייצור,אסדרה קיימת,ביתי,בעיות תקשורת במונה,לפחות אחד המונים תחת החוזה אינו בעל יכולת רישום רציף,נדחה,14
2023/04,מספקים עם אמצעי ייצור,אסדרה קיימת,ביתי,בעיות תקשורת במונה,לפחות לאחד המונים אין יכולות קריאה מרחוק,נדחה,3
2023/04,מספקים עם אמצעי ייצור,אסדרה קיימת,ביתי,אחר,"נסגר ידנית ע""י נגה",נדחה,1
2023/04,מספקים עם אמצעי ייצור,אסדרה קיימת,לא ביתי,אחר,"בוטל ידנית ע""י המספק",נדחה,17
2023/04,מספקים עם אמצעי ייצור,אסדרה קיימת,לא ביתי,אחר,החוזה לא פעיל,נדחה,4
2023/04,מספקים עם אמצעי ייצור,אסדרה קיימת,לא ביתי,ייפוי כוח חסר/לא תקין,ייפוי כוח חסר/לא תקין,נדחה,11
2023/04,מספקים עם אמצעי ייצור,אסדרה קיימת,לא ביתי,בעיות תקשורת במונה,לפחות אחד המונים אינו בר ניוד,נדחה,17
2023/04,מספקים עם אמצעי ייצור,אסדרה קיימת,לא ביתי,בעיות תקשורת במונה,לפחות אחד המונים תחת החוזה אינו בעל יכולת רישום רציף,נדחה,7
2023/04,מספקים וירטואליים,תחרות באספקה,ביתי,אחר,"בוטל ידנית ע""י המספק",נדחה,3
2023/04,מספקים וירטואליים,תחרות באספקה,ביתי,ייפוי כוח חסר/לא תקין,ייפוי כוח חסר/לא תקין,נדחה,57
2023/04,מספקים וירטואליים,תחרות באספקה,ביתי,אחר,לא נמצא מידע תואם במערכת המקור,נדחה,19
2023/04,מספקים וירטואליים,תחרות באספקה,ביתי,בעיות תקשורת במונה,לפחות אחד המונים אינו בר ניוד,נדחה,4
2023/04,מספקים וירטואליים,תחרות באספקה,ביתי,בעיות תקשורת במונה,לפחות אחד המונים תחת החוזה אינו בעל יכולת רישום רציף,נדחה,21
2023/04,מספקים וירטואליים,תחרות באספקה,לא ביתי,אחר,החוזה לא פעיל,נדחה,8
2023/04,מספקים וירטואליים,תחרות באספקה,לא ביתי,ייפוי כוח חסר/לא תקין,ייפוי כוח חסר/לא תקין,נדחה,2
2023/04,מספקים וירטואליים,תחרות באספקה,לא ביתי,בעיות במילוי בקשת הניוד,לא כל מוני החוזה הוגשו,נדחה,1
2023/04,מספקים וירטואליים,תחרות באספקה,לא ביתי,אחר,לא נמצא מידע תואם במערכת המקור,נדחה,12
2023/04,מספקים וירטואליים,תחרות באספקה,לא ביתי,בעיות תקשורת במונה,לפחות אחד המונים אינו בר ניוד,נדחה,15
2023/04,מספקים וירטואליים,תחרות באספקה,לא ביתי,בעיות תקשורת במונה,לפחות אחד המונים תחת החוזה אינו בעל יכולת רישום רציף,נדחה,2
2023/05,מספקים עם אמצעי ייצור,אסדרה קיימת,ביתי,אושר לניוד,תהליך הניוד הושלם,הושלם,567
2023/05,מספקים עם אמצעי ייצור,אסדרה קיימת,לא ביתי,אושר לניוד,תהליך הניוד הושלם,הושלם,160
2023/05,מספקים וירטואליים,תחרות באספקה,ביתי,אושר לניוד,תהליך הניוד הושלם,הושלם,649
2023/05,מספקים וירטואליים,תחרות באספקה,לא ביתי,אושר לניוד,תהליך הניוד הושלם,הושלם,119
2023/05,מספקים עם אמצעי ייצור,אסדרה קיימת,ביתי,אחר,אי תאימות במונים שהוגשו,נדחה,2
2023/05,מספקים עם אמצעי ייצור,אסדרה קיימת,ביתי,אחר,"בוטל ידנית ע""י המספק",נדחה,2
2023/05,מספקים עם אמצעי ייצור,אסדרה קיימת,ביתי,ייפוי כוח חסר/לא תקין,ייפוי כוח חסר/לא תקין,נדחה,177
2023/05,מספקים עם אמצעי ייצור,אסדרה קיימת,ביתי,בעיות במילוי בקשת הניוד,לא כל מוני החוזה הוגשו,נדחה,2
2023/05,מספקים עם אמצעי ייצור,אסדרה קיימת,ביתי,אחר,לא נמצא מידע תואם במערכת המקור,נדחה,38
2023/05,מספקים עם אמצעי ייצור,אסדרה קיימת,ביתי,בעיות תקשורת במונה,לפחות אחד המונים אינו בר ניוד,נדחה,34
2023/05,מספקים עם אמצעי ייצור,אסדרה קיימת,ביתי,בעיות תקשורת במונה,לפחות אחד המונים תחת החוזה אינו בעל יכולת רישום רציף,נדחה,15
2023/05,מספקים עם אמצעי ייצור,אסדרה קיימת,ביתי,בעיות תקשורת במונה,לפחות לאחד המונים אין יכולות קריאה מרחוק,נדחה,4
2023/05,מספקים עם אמצעי ייצור,אסדרה קיימת,לא ביתי,אחר,אי תאימות במונים שהוגשו,נדחה,12
2023/05,מספקים עם אמצעי ייצור,אסדרה קיימת,לא ביתי,אחר,"בוטל ידנית ע""י המספק",נדחה,9
2023/05,מספקים עם אמצעי ייצור,אסדרה קיימת,לא ביתי,אחר,החוזה לא פעיל,נדחה,4
2023/05,מספקים עם אמצעי ייצור,אסדרה קיימת,לא ביתי,ייפוי כוח חסר/לא תקין,ייפוי כוח חסר/לא תקין,נדחה,13
2023/05,מספקים עם אמצעי ייצור,אסדרה קיימת,לא ביתי,אחר,לא נמצא מידע תואם במערכת המקור,נדחה,5
2023/05,מספקים עם אמצעי ייצור,אסדרה קיימת,לא ביתי,בעיות תקשורת במונה,לפחות אחד המונים אינו בר ניוד,נדחה,12
2023/05,מספקים עם אמצעי ייצור,אסדרה קיימת,לא ביתי,בעיות תקשורת במונה,לפחות לאחד המונים אין יכולות קריאה מרחוק,נדחה,4
2023/05,מספקים עם אמצעי ייצור,אסדרה קיימת,לא ביתי,אחר,נדחה בשל אי מענה ממשקים,נדחה,1
2023/05,מספקים עם אמצעי ייצור,אסדרה קיימת,לא ביתי,אחר,"נסגר ידנית ע""י נגה",נדחה,1
2023/05,מספקים וירטואליים,תחרות באספקה,ביתי,אחר,אי תאימות במונים שהוגשו,נדחה,1
2023/05,מספקים וירטואליים,תחרות באספקה,ביתי,בעיות במילוי בקשת הניוד,חוזה זה כבר קיים למספק זה,נדחה,18
2023/05,מספקים וירטואליים,תחרות באספקה,ביתי,ייפוי כוח חסר/לא תקין,ייפוי כוח חסר/לא תקין,נדחה,70
2023/05,מספקים וירטואליים,תחרות באספקה,ביתי,אחר,לא נמצא מידע תואם במערכת המקור,נדחה,6
2023/05,מספקים וירטואליים,תחרות באספקה,ביתי,בעיות תקשורת במונה,לפחות אחד המונים אינו בר ניוד,נדחה,12
2023/05,מספקים וירטואליים,תחרות באספקה,ביתי,בעיות תקשורת במונה,לפחות אחד המונים תחת החוזה אינו בעל יכולת רישום רציף,נדחה,1
2023/05,מספקים וירטואליים,תחרות באספקה,ביתי,בעיות תקשורת במונה,לפחות לאחד המונים אין יכולות קריאה מרחוק,נדחה,1
2023/05,מספקים וירטואליים,תחרות באספקה,ביתי,אחר,"נסגר ידנית ע""י נגה",נדחה,4
2023/05,מספקים וירטואליים,תחרות באספקה,לא ביתי,אחר,אי תאימות במונים שהוגשו,נדחה,12
2023/05,מספקים וירטואליים,תחרות באספקה,לא ביתי,אחר,"בוטל ידנית ע""י המספק",נדחה,1
2023/05,מספקים וירטואליים,תחרות באספקה,לא ביתי,אחר,החוזה לא פעיל,נדחה,4
2023/05,מספקים וירטואליים,תחרות באספקה,לא ביתי,בעיות במילוי בקשת הניוד,חוזה זה כבר קיים למספק זה,נדחה,1
2023/05,מספקים וירטואליים,תחרות באספקה,לא ביתי,ייפוי כוח חסר/לא תקין,ייפוי כוח חסר/לא תקין,נדחה,3
2023/05,מספקים וירטואליים,תחרות באספקה,לא ביתי,אחר,לא נמצא מידע תואם במערכת המקור,נדחה,8
2023/05,מספקים וירטואליים,תחרות באספקה,לא ביתי,בעיות תקשורת במונה,לפחות אחד המונים אינו בר ניוד,נדחה,3
2023/05,מספקים וירטואליים,תחרות באספקה,לא ביתי,בעיות תקשורת במונה,לפחות אחד המונים תחת החוזה אינו בעל יכולת רישום רציף,נדחה,17
2023/05,מספקים וירטואליים,תחרות באספקה,לא ביתי,בעיות תקשורת במונה,לפחות לאחד המונים אין יכולות קריאה מרחוק,נדחה,1
2023/05,מספקים וירטואליים,תחרות באספקה,לא ביתי,אחר,"נסגר ידנית ע""י נגה",נדחה,1
2023/06,מספקים עם אמצעי ייצור,אסדרה קיימת,ביתי,אושר לניוד,תהליך הניוד הושלם,הושלם,551
2023/06,מספקים עם אמצעי ייצור,אסדרה קיימת,לא ביתי,אושר לניוד,תהליך הניוד הושלם,הושלם,156
2023/06,מספקים וירטואליים,תחרות באספקה,ביתי,אושר לניוד,תהליך הניוד הושלם,הושלם,621
2023/06,מספקים וירטואליים,תחרות באספקה,לא ביתי,אושר לניוד,תהליך הניוד הושלם,הושלם,75
2023/06,מספקים עם אמצעי ייצור,אסדרה קיימת,ביתי,אחר,אי תאימות במונים שהוגשו,נדחה,3
2023/06,מספקים עם אמצעי ייצור,אסדרה קיימת,ביתי,אחר,החוזה לא פעיל,נדחה,4
2023/06,מספקים עם אמצעי ייצור,אסדרה קיימת,ביתי,בעיות במילוי בקשת הניוד,חוזה זה כבר קיים למספק זה,נדחה,11
2023/06,מספקים עם אמצעי ייצור,אסדרה קיימת,ביתי,ייפוי כוח חסר/לא תקין,ייפוי כוח חסר/לא תקין,נדחה,264
2023/06,מספקים עם אמצעי ייצור,אסדרה קיימת,ביתי,בעיות במילוי בקשת הניוד,לא כל מוני החוזה הוגשו,נדחה,2
2023/06,מספקים עם אמצעי ייצור,אסדרה קיימת,ביתי,אחר,לא נמצא מידע תואם במערכת המקור,נדחה,16
2023/06,מספקים עם אמצעי ייצור,אסדרה קיימת,ביתי,בעיות תקשורת במונה,לפחות אחד המונים אינו בר ניוד,נדחה,39
2023/06,מספקים עם אמצעי ייצור,אסדרה קיימת,ביתי,בעיות תקשורת במונה,לפחות אחד המונים תחת החוזה אינו בעל יכולת רישום רציף,נדחה,16
2023/06,מספקים עם אמצעי ייצור,אסדרה קיימת,ביתי,בעיות תקשורת במונה,לפחות לאחד המונים אין יכולות קריאה מרחוק,נדחה,3
2023/06,מספקים עם אמצעי ייצור,אסדרה קיימת,לא ביתי,אחר,אי תאימות במונים שהוגשו,נדחה,10
2023/06,מספקים עם אמצעי ייצור,אסדרה קיימת,לא ביתי,אחר,החוזה לא פעיל,נדחה,5
2023/06,מספקים עם אמצעי ייצור,אסדרה קיימת,לא ביתי,בעיות במילוי בקשת הניוד,חוזה זה כבר קיים למספק זה,נדחה,1
2023/06,מספקים עם אמצעי ייצור,אסדרה קיימת,לא ביתי,ייפוי כוח חסר/לא תקין,ייפוי כוח חסר/לא תקין,נדחה,10
2023/06,מספקים עם אמצעי ייצור,אסדרה קיימת,לא ביתי,אחר,לא נמצא מידע תואם במערכת המקור,נדחה,5
2023/06,מספקים עם אמצעי ייצור,אסדרה קיימת,לא ביתי,בעיות תקשורת במונה,לפחות אחד המונים אינו בר ניוד,נדחה,3
2023/06,מספקים עם אמצעי ייצור,אסדרה קיימת,לא ביתי,בעיות תקשורת במונה,לפחות אחד המונים תחת החוזה אינו בעל יכולת רישום רציף,נדחה,7
2023/06,מספקים עם אמצעי ייצור,אסדרה קיימת,לא ביתי,בעיות תקשורת במונה,לפחות לאחד המונים אין יכולות קריאה מרחוק,נדחה,1
2023/06,מספקים עם אמצעי ייצור,אסדרה קיימת,לא ביתי,אחר,"נסגר ידנית ע""י נגה",נדחה,5
2023/06,מספקים וירטואליים,תחרות באספקה,ביתי,אחר,"בוטל ידנית ע""י המספק",נדחה,18
2023/06,מספקים וירטואליים,תחרות באספקה,ביתי,אחר,החוזה לא פעיל,נדחה,2
2023/06,מספקים וירטואליים,תחרות באספקה,ביתי,בעיות במילוי בקשת הניוד,חוזה זה כבר קיים למספק זה,נדחה,19
2023/06,מספקים וירטואליים,תחרות באספקה,ביתי,ייפוי כוח חסר/לא תקין,ייפוי כוח חסר/לא תקין,נדחה,124
2023/06,מספקים וירטואליים,תחרות באספקה,ביתי,בעיות במילוי בקשת הניוד,לא כל מוני החוזה הוגשו,נדחה,1
2023/06,מספקים וירטואליים,תחרות באספקה,ביתי,אחר,לא נמצא מידע תואם במערכת המקור,נדחה,8
2023/06,מספקים וירטואליים,תחרות באספקה,ביתי,בעיות תקשורת במונה,לפחות אחד המונים אינו בר ניוד,נדחה,14
2023/06,מספקים וירטואליים,תחרות באספקה,ביתי,בעיות תקשורת במונה,לפחות אחד המונים תחת החוזה אינו בעל יכולת רישום רציף,נדחה,2
2023/06,מספקים וירטואליים,תחרות באספקה,ביתי,בעיות תקשורת במונה,לפחות לאחד המונים אין יכולות קריאה מרחוק,נדחה,1
2023/06,מספקים וירטואליים,תחרות באספקה,לא ביתי,אחר,אי תאימות במונים שהוגשו,נדחה,11
2023/06,מספקים וירטואליים,תחרות באספקה,לא ביתי,אחר,"בוטל ידנית ע""י המספק",נדחה,2
2023/06,מספקים וירטואליים,תחרות באספקה,לא ביתי,אחר,החוזה לא פעיל,נדחה,3
2023/06,מספקים וירטואליים,תחרות באספקה,לא ביתי,בעיות במילוי בקשת הניוד,חוזה זה כבר קיים למספק זה,נדחה,2
2023/06,מספקים וירטואליים,תחרות באספקה,לא ביתי,ייפוי כוח חסר/לא תקין,ייפוי כוח חסר/לא תקין,נדחה,6
2023/06,מספקים וירטואליים,תחרות באספקה,לא ביתי,בעיות במילוי בקשת הניוד,לא כל מוני החוזה הוגשו,נדחה,2
2023/06,מספקים וירטואליים,תחרות באספקה,לא ביתי,בעיות במילוי בקשת הניוד,לא כל שדות החובה הוגשו,נדחה,2
2023/06,מספקים וירטואליים,תחרות באספקה,לא ביתי,אחר,לא נמצא מידע תואם במערכת המקור,נדחה,8
2023/06,מספקים וירטואליים,תחרות באספקה,לא ביתי,בעיות תקשורת במונה,לפחות אחד המונים אינו בר ניוד,נדחה,17
2023/06,מספקים וירטואליים,תחרות באספקה,לא ביתי,בעיות תקשורת במונה,לפחות אחד המונים תחת החוזה אינו בעל יכולת רישום רציף,נדחה,5
2023/06,מספקים וירטואליים,תחרות באספקה,לא ביתי,בעיות תקשורת במונה,לפחות לאחד המונים אין יכולות קריאה מרחוק,נדחה,2
2023/06,מספקים וירטואליים,תחרות באספקה,לא ביתי,אחר,נדחה בשל אי מענה ממשקים,נדחה,2
2023/07,מספקים עם אמצעי ייצור,אסדרה קיימת,ביתי,אושר לניוד,תהליך הניוד הושלם,הושלם,744
2023/07,מספקים עם אמצעי ייצור,אסדרה קיימת,לא ביתי,אושר לניוד,תהליך הניוד הושלם,הושלם,181
2023/07,מספקים וירטואליים,תחרות באספקה,ביתי,אושר לניוד,תהליך הניוד הושלם,הושלם,1112
2023/07,מספקים וירטואליים,תחרות באספקה,לא ביתי,אושר לניוד,תהליך הניוד הושלם,הושלם,123
2023/07,מספקים עם אמצעי ייצור,אסדרה קיימת,ביתי,אחר,"בוטל ידנית ע""י המספק",נדחה,19
2023/07,מספקים עם אמצעי ייצור,אסדרה קיימת,ביתי,ייפוי כוח חסר/לא תקין,ייפוי כוח חסר/לא תקין,נדחה,385
2023/07,מספקים עם אמצעי ייצור,אסדרה קיימת,ביתי,בעיות במילוי בקשת הניוד,לא כל מוני החוזה הוגשו,נדחה,1
2023/07,מספקים עם אמצעי ייצור,אסדרה קיימת,ביתי,בעיות תקשורת במונה,לפחות אחד המונים אינו בר ניוד,נדחה,62
2023/07,מספקים עם אמצעי ייצור,אסדרה קיימת,ביתי,בעיות תקשורת במונה,לפחות אחד המונים בעל קריאה מרחוק לא תקינה,נדחה,1
2023/07,מספקים עם אמצעי ייצור,אסדרה קיימת,ביתי,בעיות תקשורת במונה,לפחות אחד המונים תחת החוזה אינו בעל יכולת רישום רציף,נדחה,18
2023/07,מספקים עם אמצעי ייצור,אסדרה קיימת,ביתי,בעיות תקשורת במונה,לפחות לאחד המונים אין יכולות קריאה מרחוק - יש להפנות את הלקוח למוקד 103 לצורך התקנה,נדחה,2
2023/07,מספקים עם אמצעי ייצור,אסדרה קיימת,ביתי,אחר,נחתם ייפוי כוח מאוחר יותר למספק אחר,נדחה,33
2023/07,מספקים עם אמצעי ייצור,אסדרה קיימת,לא ביתי,אחר,אי תאימות במונים שהוגשו,נדחה,39
2023/07,מספקים עם אמצעי ייצור,אסדרה קיימת,לא ביתי,אחר,"בוטל ידנית ע""י המספק",נדחה,16
2023/07,מספקים עם אמצעי ייצור,אסדרה קיימת,לא ביתי,אחר,החוזה לא פעיל - יש לקבל מהצרכן חוזה חדש,נדחה,7
2023/07,מספקים עם אמצעי ייצור,אסדרה קיימת,לא ביתי,אחר,החלפת לקוחות או סיום חוזה,נדחה,2
2023/07,מספקים עם אמצעי ייצור,אסדרה קיימת,לא ביתי,בעיות במילוי בקשת הניוד,חוזה זה כבר קיים למספק זה,נדחה,13
2023/07,מספקים עם אמצעי ייצור,אסדרה קיימת,לא ביתי,אחר,חשבון חוזה לא קיים - מספר לא תקין,נדחה,3
2023/07,מספקים עם אמצעי ייצור,אסדרה קיימת,לא ביתי,ייפוי כוח חסר/לא תקין,ייפוי כוח חסר/לא תקין,נדחה,12
2023/07,מספקים עם אמצעי ייצור,אסדרה קיימת,לא ביתי,בעיות תקשורת במונה,לפחות אחד המונים אינו בר ניוד,נדחה,2
2023/07,מספקים עם אמצעי ייצור,אסדרה קיימת,לא ביתי,בעיות תקשורת במונה,לפחות אחד המונים בעל קריאה מרחוק לא תקינה,נדחה,1
2023/07,מספקים עם אמצעי ייצור,אסדרה קיימת,לא ביתי,בעיות תקשורת במונה,לפחות לאחד המונים אין יכולות קריאה מרחוק - יש להפנות את הלקוח למוקד 103 לצורך התקנה,נדחה,4
2023/07,מספקים עם אמצעי ייצור,אסדרה קיימת,לא ביתי,בעיות במילוי בקשת הניוד,מספר זיהוי הלקוח אינו משויך אל חשבון החוזה,נדחה,38
2023/07,מספקים וירטואליים,תחרות באספקה,ביתי,אחר,"בוטל ידנית ע""י המספק",נדחה,10
2023/07,מספקים וירטואליים,תחרות באספקה,ביתי,אחר,החלפת לקוחות או סיום חוזה,נדחה,1
2023/07,מספקים וירטואליים,תחרות באספקה,ביתי,ייפוי כוח חסר/לא תקין,ייפוי כוח חסר/לא תקין,נדחה,248
2023/07,מספקים וירטואליים,תחרות באספקה,ביתי,בעיות במילוי בקשת הניוד,לא כל מוני החוזה הוגשו,נדחה,1
2023/07,מספקים וירטואליים,תחרות באספקה,ביתי,בעיות תקשורת במונה,לפחות אחד המונים אינו בר ניוד,נדחה,43
2023/07,מספקים וירטואליים,תחרות באספקה,ביתי,בעיות תקשורת במונה,לפחות אחד המונים בעל קריאה מרחוק לא תקינה,נדחה,2
2023/07,מספקים וירטואליים,תחרות באספקה,ביתי,בעיות תקשורת במונה,לפחות אחד המונים תחת החוזה אינו בעל יכולת רישום רציף,נדחה,15
2023/07,מספקים וירטואליים,תחרות באספקה,ביתי,בעיות תקשורת במונה,לפחות לאחד המונים אין יכולות קריאה מרחוק - יש להפנות את הלקוח למוקד 103 לצורך התקנה,נדחה,2
2023/07,מספקים וירטואליים,תחרות באספקה,ביתי,בעיות במילוי בקשת הניוד,מספר זיהוי הלקוח אינו משויך אל חשבון החוזה,נדחה,2
2023/07,מספקים וירטואליים,תחרות באספקה,ביתי,אחר,נחתם ייפוי כוח מאוחר יותר למספק אחר,נדחה,6
2023/07,מספקים וירטואליים,תחרות באספקה,לא ביתי,אחר,אי תאימות במונים שהוגשו,נדחה,26
2023/07,מספקים וירטואליים,תחרות באספקה,לא ביתי,אחר,"בוטל ידנית ע""י המספק",נדחה,2
2023/07,מספקים וירטואליים,תחרות באספקה,לא ביתי,אחר,החוזה לא פעיל - יש לקבל מהצרכן חוזה חדש,נדחה,4
2023/07,מספקים וירטואליים,תחרות באספקה,לא ביתי,בעיות במילוי בקשת הניוד,המונה שהוגש לא קיים תחת החוזה,נדחה,1
2023/07,מספקים וירטואליים,תחרות באספקה,לא ביתי,בעיות במילוי בקשת הניוד,חוזה זה כבר קיים למספק זה,נדחה,22
2023/07,מספקים וירטואליים,תחרות באספקה,לא ביתי,אחר,חשבון חוזה לא קיים - מספר לא תקין,נדחה,8
2023/07,מספקים וירטואליים,תחרות באספקה,לא ביתי,ייפוי כוח חסר/לא תקין,ייפוי כוח חסר/לא תקין,נדחה,9
2023/07,מספקים וירטואליים,תחרות באספקה,לא ביתי,בעיות תקשורת במונה,לפחות אחד המונים אינו בר ניוד,נדחה,11
2023/07,מספקים וירטואליים,תחרות באספקה,לא ביתי,אחר,"לפחות אחד המונים בתהליך הקמה במערכות חח""י",נדחה,4
2023/07,מספקים וירטואליים,תחרות באספקה,לא ביתי,בעיות תקשורת במונה,לפחות אחד המונים תחת החוזה אינו בעל יכולת רישום רציף,נדחה,8
2023/07,מספקים וירטואליים,תחרות באספקה,לא ביתי,בעיות במילוי בקשת הניוד,מספר זיהוי הלקוח אינו משויך אל חשבון החוזה,נדחה,32
2023/08,מספקים עם אמצעי ייצור,אסדרה קיימת,ביתי,אושר לניוד,תהליך הניוד הושלם,הושלם,1031
2023/08,מספקים עם אמצעי ייצור,אסדרה קיימת,לא ביתי,אושר לניוד,תהליך הניוד הושלם,הושלם,1194
2023/08,מספקים וירטואליים,תחרות באספקה,ביתי,אושר לניוד,תהליך הניוד הושלם,הושלם,1054
2023/08,מספקים וירטואליים,תחרות באספקה,לא ביתי,אושר לניוד,תהליך הניוד הושלם,הושלם,118
2023/08,מספקים עם אמצעי ייצור,אסדרה קיימת,ביתי,אחר,"בוטל ידנית ע""י המספק",נדחה,1
2023/08,מספקים עם אמצעי ייצור,אסדרה קיימת,ביתי,אחר,החלפת לקוחות או סיום חוזה,נדחה,3
2023/08,מספקים עם אמצעי ייצור,אסדרה קיימת,ביתי,ייפוי כוח חסר/לא תקין,ייפוי הכוח לא נחתם,נדחה,281
2023/08,מספקים עם אמצעי ייצור,אסדרה קיימת,ביתי,בעיות תקשורת במונה,לפחות אחד המונים אינו בר ניוד,נדחה,98
2023/08,מספקים עם אמצעי ייצור,אסדרה קיימת,ביתי,בעיות תקשורת במונה,לפחות אחד המונים תחת החוזה אינו בעל יכולת רישום רציף,נדחה,19
2023/08,מספקים עם אמצעי ייצור,אסדרה קיימת,ביתי,בעיות תקשורת במונה,לפחות לאחד המונים אין יכולות קריאה מרחוק - יש להפנות את הלקוח למוקד 103 לצורך התקנה,נדחה,3
2023/08,מספקים עם אמצעי ייצור,אסדרה קיימת,ביתי,בעיות במילוי בקשת הניוד,מספר זיהוי הלקוח אינו משויך אל חשבון החוזה,נדחה,28
2023/08,מספקים עם אמצעי ייצור,אסדרה קיימת,ביתי,אחר,נחתם ייפוי כוח מאוחר יותר למספק אחר,נדחה,3
2023/08,מספקים עם אמצעי ייצור,אסדרה קיימת,לא ביתי,אחר,"בוטל ידנית ע""י המספק",נדחה,13
2023/08,מספקים עם אמצעי ייצור,אסדרה קיימת,לא ביתי,אחר,החוזה לא פעיל - יש לקבל מהצרכן חוזה חדש,נדחה,11
2023/08,מספקים עם אמצעי ייצור,אסדרה קיימת,לא ביתי,בעיות במילוי בקשת הניוד,המונה שהוגש לא קיים תחת החוזה,נדחה,25
2023/08,מספקים עם אמצעי ייצור,אסדרה קיימת,לא ביתי,בעיות במילוי בקשת הניוד,חוזה זה כבר קיים למספק זה,נדחה,10
2023/08,מספקים עם אמצעי ייצור,אסדרה קיימת,לא ביתי,אחר,חשבון חוזה לא קיים - מספר לא תקין,נדחה,8
2023/08,מספקים עם אמצעי ייצור,אסדרה קיימת,לא ביתי,ייפוי כוח חסר/לא תקין,ייפוי הכוח לא נחתם,נדחה,18
2023/08,מספקים עם אמצעי ייצור,אסדרה קיימת,לא ביתי,בעיות תקשורת במונה,לפחות אחד המונים אינו בר ניוד,נדחה,83
2023/08,מספקים עם אמצעי ייצור,אסדרה קיימת,לא ביתי,בעיות תקשורת במונה,לפחות אחד המונים בעל קריאה מרחוק לא תקינה,נדחה,1
2023/08,מספקים עם אמצעי ייצור,אסדרה קיימת,לא ביתי,בעיות תקשורת במונה,לפחות אחד המונים תחת החוזה אינו בעל יכולת רישום רציף,נדחה,41
2023/08,מספקים עם אמצעי ייצור,אסדרה קיימת,לא ביתי,בעיות תקשורת במונה,לפחות לאחד המונים אין יכולות קריאה מרחוק - יש להפנות את הלקוח למוקד 103 לצורך התקנה,נדחה,2
2023/08,מספקים עם אמצעי ייצור,אסדרה קיימת,לא ביתי,בעיות במילוי בקשת הניוד,מספר זיהוי הלקוח אינו משויך אל חשבון החוזה,נדחה,8
2023/08,מספקים עם אמצעי ייצור,אסדרה קיימת,לא ביתי,אחר,"נסגר ידנית ע""י נגה",נדחה,3
2023/08,מספקים וירטואליים,תחרות באספקה,ביתי,אחר,"בוטל ידנית ע""י המספק",נדחה,5
2023/08,מספקים וירטואליים,תחרות באספקה,ביתי,אחר,החלפת לקוחות או סיום חוזה,נדחה,3
2023/08,מספקים וירטואליים,תחרות באספקה,ביתי,בעיות במילוי בקשת הניוד,המונה שהוגש לא קיים תחת החוזה,נדחה,1
2023/08,מספקים וירטואליים,תחרות באספקה,ביתי,ייפוי כוח חסר/לא תקין,ייפוי הכוח לא נחתם,נדחה,154
2023/08,מספקים וירטואליים,תחרות באספקה,ביתי,בעיות במילוי בקשת הניוד,לא כל מוני החוזה הוגשו,נדחה,1
2023/08,מספקים וירטואליים,תחרות באספקה,ביתי,בעיות תקשורת במונה,לפחות אחד המונים אינו בר ניוד,נדחה,98
2023/08,מספקים וירטואליים,תחרות באספקה,ביתי,בעיות תקשורת במונה,לפחות אחד המונים תחת החוזה אינו בעל יכולת רישום רציף,נדחה,8
2023/08,מספקים וירטואליים,תחרות באספקה,ביתי,בעיות תקשורת במונה,לפחות לאחד המונים אין יכולות קריאה מרחוק - יש להפנות את הלקוח למוקד 103 לצורך התקנה,נדחה,1
2023/08,מספקים וירטואליים,תחרות באספקה,ביתי,בעיות במילוי בקשת הניוד,מספר זיהוי הלקוח אינו משויך אל חשבון החוזה,נדחה,18
2023/08,מספקים וירטואליים,תחרות באספקה,ביתי,אחר,נחתם ייפוי כוח מאוחר יותר למספק אחר,נדחה,1
2023/08,מספקים וירטואליים,תחרות באספקה,לא ביתי,אחר,אי תאימות במונים שהוגשו,נדחה,7
2023/08,מספקים וירטואליים,תחרות באספקה,לא ביתי,אחר,החוזה לא פעיל - יש לקבל מהצרכן חוזה חדש,נדחה,10
2023/08,מספקים וירטואליים,תחרות באספקה,לא ביתי,אחר,החלפת לקוחות או סיום חוזה,נדחה,1
2023/08,מספקים וירטואליים,תחרות באספקה,לא ביתי,בעיות במילוי בקשת הניוד,המונה שהוגש לא קיים תחת החוזה,נדחה,20
2023/08,מספקים וירטואליים,תחרות באספקה,לא ביתי,בעיות במילוי בקשת הניוד,חוזה זה כבר קיים למספק זה,נדחה,4
2023/08,מספקים וירטואליים,תחרות באספקה,לא ביתי,אחר,חשבון חוזה לא קיים - מספר לא תקין,נדחה,8
2023/08,מספקים וירטואליים,תחרות באספקה,לא ביתי,ייפוי כוח חסר/לא תקין,ייפוי הכוח לא נחתם,נדחה,11
2023/08,מספקים וירטואליים,תחרות באספקה,לא ביתי,בעיות תקשורת במונה,לפחות אחד המונים אינו בר ניוד,נדחה,3
2023/08,מספקים וירטואליים,תחרות באספקה,לא ביתי,בעיות תקשורת במונה,לפחות אחד המונים בעל קריאה מרחוק לא תקינה,נדחה,1
2023/08,מספקים וירטואליים,תחרות באספקה,לא ביתי,בעיות תקשורת במונה,לפחות אחד המונים תחת החוזה אינו בעל יכולת רישום רציף,נדחה,3
2023/08,מספקים וירטואליים,תחרות באספקה,לא ביתי,בעיות במילוי בקשת הניוד,מספר זיהוי הלקוח אינו משויך אל חשבון החוזה,נדחה,7
2023/08,מספקים וירטואליים,תחרות באספקה,לא ביתי,אחר,נדחה בשל אי מענה ממשקים,נדחה,2
2023/08,מספקים וירטואליים,תחרות באספקה,לא ביתי,בעיות במילוי בקשת הניוד,תאריך מבוקש לניוד לא תקין,נדחה,1
2023/09,מספקים עם אמצעי ייצור,אסדרה קיימת,ביתי,אושר לניוד,תהליך הניוד הושלם,הושלם,744
2023/09,מספקים עם אמצעי ייצור,אסדרה קיימת,לא ביתי,אושר לניוד,תהליך הניוד הושלם,הושלם,178
2023/09,מספקים וירטואליים,תחרות באספקה,ביתי,אושר לניוד,תהליך הניוד הושלם,הושלם,1620
2023/09,מספקים וירטואליים,תחרות באספקה,לא ביתי,אושר לניוד,תהליך הניוד הושלם,הושלם,224
2023/09,מספקים עם אמצעי ייצור,אסדרה קיימת,ביתי,ייפוי כוח חסר/לא תקין,ייפוי הכוח לא נחתם,נדחה,210
2023/09,מספקים עם אמצעי ייצור,אסדרה קיימת,ביתי,בעיות תקשורת במונה,לפחות אחד המונים אינו בר ניוד,נדחה,72
2023/09,מספקים עם אמצעי ייצור,אסדרה קיימת,ביתי,בעיות תקשורת במונה,לפחות אחד המונים תחת החוזה אינו בעל יכולת רישום רציף,נדחה,37
2023/09,מספקים עם אמצעי ייצור,אסדרה קיימת,ביתי,בעיות תקשורת במונה,לפחות לאחד המונים אין יכולות קריאה מרחוק - יש להפנות את הלקוח למוקד 103 לצורך התקנה,נדחה,1
2023/09,מספקים עם אמצעי ייצור,אסדרה קיימת,ביתי,בעיות במילוי בקשת הניוד,מספר זיהוי הלקוח אינו משויך אל חשבון החוזה,נדחה,12
2023/09,מספקים עם אמצעי ייצור,אסדרה קיימת,ביתי,אחר,נחתם ייפוי כוח מאוחר יותר למספק אחר,נדחה,1
2023/09,מספקים עם אמצעי ייצור,אסדרה קיימת,לא ביתי,אחר,אי תאימות במונים שהוגשו,נדחה,7
2023/09,מספקים עם אמצעי ייצור,אסדרה קיימת,לא ביתי,אחר,החוזה לא פעיל - יש לקבל מהצרכן חוזה חדש,נדחה,4
2023/09,מספקים עם אמצעי ייצור,אסדרה קיימת,לא ביתי,בעיות במילוי בקשת הניוד,המונה שהוגש לא קיים תחת החוזה,נדחה,18
2023/09,מספקים עם אמצעי ייצור,אסדרה קיימת,לא ביתי,בעיות במילוי בקשת הניוד,חוזה זה כבר קיים למספק זה,נדחה,1
2023/09,מספקים עם אמצעי ייצור,אסדרה קיימת,לא ביתי,אחר,חשבון חוזה לא קיים - מספר לא תקין,נדחה,5
2023/09,מספקים עם אמצעי ייצור,אסדרה קיימת,לא ביתי,ייפוי כוח חסר/לא תקין,ייפוי הכוח לא נחתם,נדחה,8
2023/09,מספקים עם אמצעי ייצור,אסדרה קיימת,לא ביתי,בעיות תקשורת במונה,לפחות אחד המונים אינו בר ניוד,נדחה,33
2023/09,מספקים עם אמצעי ייצור,אסדרה קיימת,לא ביתי,בעיות תקשורת במונה,לפחות אחד המונים בעל קריאה מרחוק לא תקינה,נדחה,1
2023/09,מספקים עם אמצעי ייצור,אסדרה קיימת,לא ביתי,בעיות תקשורת במונה,לפחות אחד המונים תחת החוזה אינו בעל יכולת רישום רציף,נדחה,11
2023/09,מספקים עם אמצעי ייצור,אסדרה קיימת,לא ביתי,בעיות תקשורת במונה,לפחות לאחד המונים אין יכולות קריאה מרחוק - יש להפנות את הלקוח למוקד 103 לצורך התקנה,נדחה,1
2023/09,מספקים עם אמצעי ייצור,אסדרה קיימת,לא ביתי,בעיות במילוי בקשת הניוד,מספר זיהוי הלקוח אינו משויך אל חשבון החוזה,נדחה,4
2023/09,מספקים עם אמצעי ייצור,אסדרה קיימת,לא ביתי,בעיות במילוי בקשת הניוד,תאריך מבוקש לניוד לא תקין,נדחה,1
2023/09,מספקים וירטואליים,תחרות באספקה,ביתי,אחר,"בוטל ידנית ע""י המספק",נדחה,28
2023/09,מספקים וירטואליים,תחרות באספקה,ביתי,אחר,החלפת לקוחות או סיום חוזה,נדחה,4
2023/09,מספקים וירטואליים,תחרות באספקה,ביתי,בעיות במילוי בקשת הניוד,המונה שהוגש לא קיים תחת החוזה,נדחה,2
2023/09,מספקים וירטואליים,תחרות באספקה,ביתי,ייפוי כוח חסר/לא תקין,ייפוי הכוח לא נחתם,נדחה,299
2023/09,מספקים וירטואליים,תחרות באספקה,ביתי,בעיות במילוי בקשת הניוד,לא כל מוני החוזה הוגשו,נדחה,1
2023/09,מספקים וירטואליים,תחרות באספקה,ביתי,בעיות תקשורת במונה,לפחות אחד המונים אינו בר ניוד,נדחה,146
2023/09,מספקים וירטואליים,תחרות באספקה,ביתי,בעיות תקשורת במונה,לפחות אחד המונים תחת החוזה אינו בעל יכולת רישום רציף,נדחה,29
2023/09,מספקים וירטואליים,תחרות באספקה,ביתי,בעיות תקשורת במונה,לפחות לאחד המונים אין יכולות קריאה מרחוק - יש להפנות את הלקוח למוקד 103 לצורך התקנה,נדחה,2
2023/09,מספקים וירטואליים,תחרות באספקה,ביתי,בעיות במילוי בקשת הניוד,מספר זיהוי הלקוח אינו משויך אל חשבון החוזה,נדחה,8
2023/09,מספקים וירטואליים,תחרות באספקה,ביתי,אחר,נחתם ייפוי כוח מאוחר יותר למספק אחר,נדחה,12
2023/09,מספקים וירטואליים,תחרות באספקה,לא ביתי,אחר,אי תאימות במונים שהוגשו,נדחה,2
2023/09,מספקים וירטואליים,תחרות באספקה,לא ביתי,אחר,"בוטל ידנית ע""י המספק",נדחה,1
2023/09,מספקים וירטואליים,תחרות באספקה,לא ביתי,אחר,החוזה לא פעיל - יש לקבל מהצרכן חוזה חדש,נדחה,1
2023/09,מספקים וירטואליים,תחרות באספקה,לא ביתי,אחר,החלפת לקוחות או סיום חוזה,נדחה,1
2023/09,מספקים וירטואליים,תחרות באספקה,לא ביתי,בעיות במילוי בקשת הניוד,המונה שהוגש לא קיים תחת החוזה,נדחה,34
2023/09,מספקים וירטואליים,תחרות באספקה,לא ביתי,בעיות במילוי בקשת הניוד,חוזה זה כבר קיים למספק זה,נדחה,26
2023/09,מספקים וירטואליים,תחרות באספקה,לא ביתי,אחר,חשבון חוזה לא קיים - מספר לא תקין,נדחה,6
2023/09,מספקים וירטואליים,תחרות באספקה,לא ביתי,ייפוי כוח חסר/לא תקין,ייפוי הכוח לא נחתם,נדחה,30
2023/09,מספקים וירטואליים,תחרות באספקה,לא ביתי,בעיות במילוי בקשת הניוד,לא כל מוני החוזה הוגשו,נדחה,1
2023/09,מספקים וירטואליים,תחרות באספקה,לא ביתי,בעיות תקשורת במונה,לפחות אחד המונים אינו בר ניוד,נדחה,9
2023/09,מספקים וירטואליים,תחרות באספקה,לא ביתי,בעיות תקשורת במונה,לפחות אחד המונים בעל קריאה מרחוק לא תקינה,נדחה,1
2023/09,מספקים וירטואליים,תחרות באספקה,לא ביתי,בעיות תקשורת במונה,לפחות אחד המונים תחת החוזה אינו בעל יכולת רישום רציף,נדחה,4
2023/09,מספקים וירטואליים,תחרות באספקה,לא ביתי,בעיות במילוי בקשת הניוד,מספר זיהוי הלקוח אינו משויך אל חשבון החוזה,נדחה,13
2023/09,מספקים וירטואליים,תחרות באספקה,לא ביתי,אחר,נדחה בשל אי מענה ממשקים,נדחה,2
2023/10,מספקים עם אמצעי ייצור,אסדרה קיימת,ביתי,אושר לניוד,תהליך הניוד הושלם,הושלם,717
2023/10,מספקים עם אמצעי ייצור,אסדרה קיימת,לא ביתי,אושר לניוד,תהליך הניוד הושלם,הושלם,304
2023/10,מספקים וירטואליים,תחרות באספקה,ביתי,אושר לניוד,תהליך הניוד הושלם,הושלם,2369
2023/10,מספקים וירטואליים,תחרות באספקה,לא ביתי,אושר לניוד,תהליך הניוד הושלם,הושלם,124
2023/10,מספקים עם אמצעי ייצור,אסדרה קיימת,ביתי,אחר,"בוטל ידנית ע""י המספק",נדחה,3
2023/10,מספקים עם אמצעי ייצור,אסדרה קיימת,ביתי,אחר,החלפת לקוחות או סיום חוזה,נדחה,2
2023/10,מספקים עם אמצעי ייצור,אסדרה קיימת,ביתי,ייפוי כוח חסר/לא תקין,ייפוי הכוח לא נחתם,נדחה,262
2023/10,מספקים עם אמצעי ייצור,אסדרה קיימת,ביתי,בעיות במילוי בקשת הניוד,לא כל מוני החוזה הוגשו,נדחה,2
2023/10,מספקים עם אמצעי ייצור,אסדרה קיימת,ביתי,בעיות תקשורת במונה,לפחות אחד המונים אינו בר ניוד,נדחה,109
2023/10,מספקים עם אמצעי ייצור,אסדרה קיימת,ביתי,בעיות תקשורת במונה,לפחות אחד המונים תחת החוזה אינו בעל יכולת רישום רציף,נדחה,7
2023/10,מספקים עם אמצעי ייצור,אסדרה קיימת,ביתי,בעיות תקשורת במונה,לפחות לאחד המונים אין יכולות קריאה מרחוק - יש להפנות את הלקוח למוקד 103 לצורך התקנה,נדחה,1
2023/10,מספקים עם אמצעי ייצור,אסדרה קיימת,ביתי,בעיות במילוי בקשת הניוד,מספר זיהוי הלקוח אינו משויך אל חשבון החוזה,נדחה,28
2023/10,מספקים עם אמצעי ייצור,אסדרה קיימת,ביתי,אחר,נחתם ייפוי כוח מאוחר יותר למספק אחר,נדחה,6
2023/10,מספקים עם אמצעי ייצור,אסדרה קיימת,לא ביתי,אחר,אי תאימות במונים שהוגשו,נדחה,4
2023/10,מספקים עם אמצעי ייצור,אסדרה קיימת,לא ביתי,אחר,"בוטל ידנית ע""י המספק",נדחה,6
2023/10,מספקים עם אמצעי ייצור,אסדרה קיימת,לא ביתי,אחר,החוזה לא פעיל - יש לקבל מהצרכן חוזה חדש,נדחה,8
2023/10,מספקים עם אמצעי ייצור,אסדרה קיימת,לא ביתי,בעיות במילוי בקשת הניוד,המונה שהוגש לא קיים תחת החוזה,נדחה,23
2023/10,מספקים עם אמצעי ייצור,אסדרה קיימת,לא ביתי,בעיות במילוי בקשת הניוד,חוזה זה כבר קיים למספק זה,נדחה,1
2023/10,מספקים עם אמצעי ייצור,אסדרה קיימת,לא ביתי,אחר,חשבון חוזה לא קיים - מספר לא תקין,נדחה,8
2023/10,מספקים עם אמצעי ייצור,אסדרה קיימת,לא ביתי,ייפוי כוח חסר/לא תקין,ייפוי הכוח לא נחתם,נדחה,10
2023/10,מספקים עם אמצעי ייצור,אסדרה קיימת,לא ביתי,בעיות במילוי בקשת הניוד,לא כל מוני החוזה הוגשו,נדחה,3
2023/10,מספקים עם אמצעי ייצור,אסדרה קיימת,לא ביתי,בעיות תקשורת במונה,לפחות אחד המונים אינו בר ניוד,נדחה,78
2023/10,מספקים עם אמצעי ייצור,אסדרה קיימת,לא ביתי,בעיות תקשורת במונה,לפחות אחד המונים בעל קריאה מרחוק לא תקינה,נדחה,1
2023/10,מספקים עם אמצעי ייצור,אסדרה קיימת,לא ביתי,בעיות תקשורת במונה,לפחות אחד המונים תחת החוזה אינו בעל יכולת רישום רציף,נדחה,23
2023/10,מספקים עם אמצעי ייצור,אסדרה קיימת,לא ביתי,בעיות תקשורת במונה,לפחות לאחד המונים אין יכולות קריאה מרחוק - יש להפנות את הלקוח למוקד 103 לצורך התקנה,נדחה,6
2023/10,מספקים עם אמצעי ייצור,אסדרה קיימת,לא ביתי,בעיות במילוי בקשת הניוד,מספר זיהוי הלקוח אינו משויך אל חשבון החוזה,נדחה,4
2023/10,מספקים עם אמצעי ייצור,אסדרה קיימת,לא ביתי,אחר,נדחה בשל אי מענה ממשקים,נדחה,1
2023/10,מספקים עם אמצעי ייצור,אסדרה קיימת,לא ביתי,בעיות במילוי בקשת הניוד,תאריך מבוקש לניוד לא תקין,נדחה,3
2023/10,מספקים וירטואליים,תחרות באספקה,ביתי,אחר,"בוטל ידנית ע""י המספק",נדחה,8
2023/10,מספקים וירטואליים,תחרות באספקה,ביתי,אחר,החלפת לקוחות או סיום חוזה,נדחה,7
2023/10,מספקים וירטואליים,תחרות באספקה,ביתי,בעיות במילוי בקשת הניוד,המונה שהוגש לא קיים תחת החוזה,נדחה,1
2023/10,מספקים וירטואליים,תחרות באספקה,ביתי,ייפוי כוח חסר/לא תקין,ייפוי הכוח לא נחתם,נדחה,722
2023/10,מספקים וירטואליים,תחרות באספקה,ביתי,בעיות במילוי בקשת הניוד,לא כל מוני החוזה הוגשו,נדחה,1
2023/10,מספקים וירטואליים,תחרות באספקה,ביתי,בעיות תקשורת במונה,לפחות אחד המונים אינו בר ניוד,נדחה,331
2023/10,מספקים וירטואליים,תחרות באספקה,ביתי,בעיות תקשורת במונה,לפחות אחד המונים בעל קריאה מרחוק לא תקינה,נדחה,4
2023/10,מספקים וירטואליים,תחרות באספקה,ביתי,בעיות תקשורת במונה,לפחות אחד המונים תחת החוזה אינו בעל יכולת רישום רציף,נדחה,31
2023/10,מספקים וירטואליים,תחרות באספקה,ביתי,בעיות תקשורת במונה,לפחות לאחד המונים אין יכולות קריאה מרחוק - יש להפנות את הלקוח למוקד 103 לצורך התקנה,נדחה,2
2023/10,מספקים וירטואליים,תחרות באספקה,ביתי,בעיות במילוי בקשת הניוד,מספר זיהוי הלקוח אינו משויך אל חשבון החוזה,נדחה,25
2023/10,מספקים וירטואליים,תחרות באספקה,ביתי,אחר,נחתם ייפוי כוח מאוחר יותר למספק אחר,נדחה,10
2023/10,מספקים וירטואליים,תחרות באספקה,לא ביתי,אחר,אי תאימות במונים שהוגשו,נדחה,4
2023/10,מספקים וירטואליים,תחרות באספקה,לא ביתי,אחר,"בוטל ידנית ע""י המספק",נדחה,5
2023/10,מספקים וירטואליים,תחרות באספקה,לא ביתי,אחר,החוזה לא פעיל - יש לקבל מהצרכן חוזה חדש,נדחה,16
2023/10,מספקים וירטואליים,תחרות באספקה,לא ביתי,בעיות במילוי בקשת הניוד,המונה שהוגש לא קיים תחת החוזה,נדחה,16
2023/10,מספקים וירטואליים,תחרות באספקה,לא ביתי,בעיות במילוי בקשת הניוד,חוזה זה כבר קיים למספק זה,נדחה,122
2023/10,מספקים וירטואליים,תחרות באספקה,לא ביתי,אחר,חשבון חוזה לא קיים - מספר לא תקין,נדחה,19
2023/10,מספקים וירטואליים,תחרות באספקה,לא ביתי,ייפוי כוח חסר/לא תקין,ייפוי הכוח לא נחתם,נדחה,36
2023/10,מספקים וירטואליים,תחרות באספקה,לא ביתי,בעיות תקשורת במונה,לפחות אחד המונים אינו בר ניוד,נדחה,53
2023/10,מספקים וירטואליים,תחרות באספקה,לא ביתי,בעיות תקשורת במונה,לפחות אחד המונים בעל קריאה מרחוק לא תקינה,נדחה,1
2023/10,מספקים וירטואליים,תחרות באספקה,לא ביתי,בעיות תקשורת במונה,לפחות אחד המונים תחת החוזה אינו בעל יכולת רישום רציף,נדחה,25
2023/10,מספקים וירטואליים,תחרות באספקה,לא ביתי,בעיות במילוי בקשת הניוד,מספר זיהוי הלקוח אינו משויך אל חשבון החוזה,נדחה,7
2023/10,מספקים וירטואליים,תחרות באספקה,לא ביתי,אחר,נדחה בשל אי מענה ממשקים,נדחה,8
2023/11,מספקים עם אמצעי ייצור,אסדרה קיימת,ביתי,אושר לניוד,תהליך הניוד הושלם,הושלם,503
2023/11,מספקים עם אמצעי ייצור,אסדרה קיימת,לא ביתי,אושר לניוד,תהליך הניוד הושלם,הושלם,180
2023/11,מספקים וירטואליים,תחרות באספקה,ביתי,אושר לניוד,תהליך הניוד הושלם,הושלם,1838
2023/11,מספקים וירטואליים,תחרות באספקה,לא ביתי,אושר לניוד,תהליך הניוד הושלם,הושלם,126
2023/11,מספקים עם אמצעי ייצור,אסדרה קיימת,ביתי,אחר,"בוטל ידנית ע""י המספק",נדחה,2
2023/11,מספקים עם אמצעי ייצור,אסדרה קיימת,ביתי,ייפוי כוח חסר/לא תקין,ייפוי הכוח לא נחתם,נדחה,63
2023/11,מספקים עם אמצעי ייצור,אסדרה קיימת,ביתי,בעיות במילוי בקשת הניוד,לא כל מוני החוזה הוגשו,נדחה,2
2023/11,מספקים עם אמצעי ייצור,אסדרה קיימת,ביתי,בעיות תקשורת במונה,לפחות אחד המונים אינו בר ניוד,נדחה,56
2023/11,מספקים עם אמצעי ייצור,אסדרה קיימת,ביתי,בעיות תקשורת במונה,לפחות אחד המונים בעל קריאה מרחוק לא תקינה,נדחה,2
2023/11,מספקים עם אמצעי ייצור,אסדרה קיימת,ביתי,בעיות תקשורת במונה,לפחות אחד המונים תחת החוזה אינו בעל יכולת רישום רציף,נדחה,5
2023/11,מספקים עם אמצעי ייצור,אסדרה קיימת,ביתי,בעיות במילוי בקשת הניוד,מספר זיהוי הלקוח אינו משויך אל חשבון החוזה,נדחה,5
2023/11,מספקים עם אמצעי ייצור,אסדרה קיימת,ביתי,אחר,נחתם ייפוי כוח מאוחר יותר למספק אחר,נדחה,5
2023/11,מספקים עם אמצעי ייצור,אסדרה קיימת,לא ביתי,אחר,אי תאימות במונים שהוגשו,נדחה,19
2023/11,מספקים עם אמצעי ייצור,אסדרה קיימת,לא ביתי,אחר,"בוטל ידנית ע""י המספק",נדחה,28
2023/11,מספקים עם אמצעי ייצור,אסדרה קיימת,לא ביתי,אחר,החוזה לא פעיל - יש לקבל מהצרכן חוזה חדש,נדחה,5
2023/11,מספקים עם אמצעי ייצור,אסדרה קיימת,לא ביתי,בעיות במילוי בקשת הניוד,המונה שהוגש לא קיים תחת החוזה,נדחה,35
2023/11,מספקים עם אמצעי ייצור,אסדרה קיימת,לא ביתי,בעיות במילוי בקשת הניוד,חוזה זה כבר קיים למספק זה,נדחה,18
2023/11,מספקים עם אמצעי ייצור,אסדרה קיימת,לא ביתי,אחר,חשבון חוזה לא קיים - מספר לא תקין,נדחה,5
2023/11,מספקים עם אמצעי ייצור,אסדרה קיימת,לא ביתי,ייפוי כוח חסר/לא תקין,ייפוי הכוח לא נחתם,נדחה,10
2023/11,מספקים עם אמצעי ייצור,אסדרה קיימת,לא ביתי,בעיות במילוי בקשת הניוד,לא כל מוני החוזה הוגשו,נדחה,3
2023/11,מספקים עם אמצעי ייצור,אסדרה קיימת,לא ביתי,בעיות תקשורת במונה,לפחות אחד המונים אינו בר ניוד,נדחה,103
2023/11,מספקים עם אמצעי ייצור,אסדרה קיימת,לא ביתי,בעיות תקשורת במונה,לפחות אחד המונים בעל קריאה מרחוק לא תקינה,נדחה,1
2023/11,מספקים עם אמצעי ייצור,אסדרה קיימת,לא ביתי,בעיות תקשורת במונה,לפחות אחד המונים תחת החוזה אינו בעל יכולת רישום רציף,נדחה,45
2023/11,מספקים עם אמצעי ייצור,אסדרה קיימת,לא ביתי,בעיות תקשורת במונה,לפחות לאחד המונים אין יכולות קריאה מרחוק - יש להפנות את הלקוח למוקד 103 לצורך התקנה,נדחה,6
2023/11,מספקים עם אמצעי ייצור,אסדרה קיימת,לא ביתי,בעיות במילוי בקשת הניוד,מספר זיהוי הלקוח אינו משויך אל חשבון החוזה,נדחה,2
2023/11,מספקים וירטואליים,תחרות באספקה,ביתי,אחר,"בוטל ידנית ע""י המספק",נדחה,6
2023/11,מספקים וירטואליים,תחרות באספקה,ביתי,אחר,החלפת לקוחות או סיום חוזה,נדחה,4
2023/11,מספקים וירטואליים,תחרות באספקה,ביתי,בעיות במילוי בקשת הניוד,המונה שהוגש לא קיים תחת החוזה,נדחה,1
2023/11,מספקים וירטואליים,תחרות באספקה,ביתי,ייפוי כוח חסר/לא תקין,ייפוי הכוח לא נחתם,נדחה,1339
2023/11,מספקים וירטואליים,תחרות באספקה,ביתי,בעיות במילוי בקשת הניוד,לא כל מוני החוזה הוגשו,נדחה,1
2023/11,מספקים וירטואליים,תחרות באספקה,ביתי,בעיות תקשורת במונה,לפחות אחד המונים אינו בר ניוד,נדחה,677
2023/11,מספקים וירטואליים,תחרות באספקה,ביתי,בעיות תקשורת במונה,לפחות אחד המונים בעל קריאה מרחוק לא תקינה,נדחה,11
2023/11,מספקים וירטואליים,תחרות באספקה,ביתי,בעיות תקשורת במונה,לפחות אחד המונים תחת החוזה אינו בעל יכולת רישום רציף,נדחה,21
2023/11,מספקים וירטואליים,תחרות באספקה,ביתי,בעיות תקשורת במונה,לפחות לאחד המונים אין יכולות קריאה מרחוק - יש להפנות את הלקוח למוקד 103 לצורך התקנה,נדחה,3
2023/11,מספקים וירטואליים,תחרות באספקה,ביתי,בעיות במילוי בקשת הניוד,מספר זיהוי הלקוח אינו משויך אל חשבון החוזה,נדחה,42
2023/11,מספקים וירטואליים,תחרות באספקה,ביתי,אחר,נדחה בשל אי מענה ממשקים,נדחה,1
2023/11,מספקים וירטואליים,תחרות באספקה,ביתי,אחר,נחתם ייפוי כוח מאוחר יותר למספק אחר,נדחה,8
2023/11,מספקים וירטואליים,תחרות באספקה,לא ביתי,אחר,אי תאימות במונים שהוגשו,נדחה,7
2023/11,מספקים וירטואליים,תחרות באספקה,לא ביתי,אחר,"בוטל ידנית ע""י המספק",נדחה,5
2023/11,מספקים וירטואליים,תחרות באספקה,לא ביתי,אחר,החוזה לא פעיל - יש לקבל מהצרכן חוזה חדש,נדחה,25
2023/11,מספקים וירטואליים,תחרות באספקה,לא ביתי,בעיות במילוי בקשת הניוד,המונה שהוגש לא קיים תחת החוזה,נדחה,44
2023/11,מספקים וירטואליים,תחרות באספקה,לא ביתי,בעיות במילוי בקשת הניוד,חוזה זה כבר קיים למספק זה,נדחה,25
2023/11,מספקים וירטואליים,תחרות באספקה,לא ביתי,אחר,חשבון חוזה לא קיים - מספר לא תקין,נדחה,23
2023/11,מספקים וירטואליים,תחרות באספקה,לא ביתי,ייפוי כוח חסר/לא תקין,ייפוי הכוח לא נחתם,נדחה,68
2023/11,מספקים וירטואליים,תחרות באספקה,לא ביתי,בעיות תקשורת במונה,לפחות אחד המונים אינו בר ניוד,נדחה,18
2023/11,מספקים וירטואליים,תחרות באספקה,לא ביתי,בעיות תקשורת במונה,לפחות אחד המונים תחת החוזה אינו בעל יכולת רישום רציף,נדחה,2
2023/11,מספקים וירטואליים,תחרות באספקה,לא ביתי,בעיות תקשורת במונה,לפחות לאחד המונים אין יכולות קריאה מרחוק - יש להפנות את הלקוח למוקד 103 לצורך התקנה,נדחה,1
2023/11,מספקים וירטואליים,תחרות באספקה,לא ביתי,בעיות במילוי בקשת הניוד,מספר זיהוי הלקוח אינו משויך אל חשבון החוזה,נדחה,16
2023/11,מספקים וירטואליים,תחרות באספקה,לא ביתי,אחר,נדחה בשל אי מענה ממשקים,נדחה,7
2023/11,מספקים וירטואליים,תחרות באספקה,לא ביתי,בעיות במילוי בקשת הניוד,פרטי הזדהות איש קשר לא תקינים,נדחה,1
2023/11,מספקים וירטואליים,תחרות באספקה,לא ביתי,בעיות במילוי בקשת הניוד,תאריך מבוקש לניוד לא תקין,נדחה,1
2023/12,מספקים עם אמצעי ייצור,אסדרה קיימת,ביתי,אושר לניוד,תהליך הניוד הושלם,הושלם,3046
2023/12,מספקים עם אמצעי ייצור,אסדרה קיימת,לא ביתי,אושר לניוד,תהליך הניוד הושלם,הושלם,723
2023/12,מספקים וירטואליים,תחרות באספקה,ביתי,אושר לניוד,תהליך הניוד הושלם,הושלם,1209
2023/12,מספקים וירטואליים,תחרות באספקה,לא ביתי,אושר לניוד,תהליך הניוד הושלם,הושלם,70
2023/12,מספקים עם אמצעי ייצור,אסדרה קיימת,ביתי,אחר,"בוטל ידנית ע""י המספק",נדחה,14
2023/12,מספקים עם אמצעי ייצור,אסדרה קיימת,ביתי,אחר,החלפת לקוחות או סיום חוזה,נדחה,5
2023/12,מספקים עם אמצעי ייצור,אסדרה קיימת,ביתי,ייפוי כוח חסר/לא תקין,ייפוי הכוח לא נחתם,נדחה,1501
2023/12,מספקים עם אמצעי ייצור,אסדרה קיימת,ביתי,בעיות תקשורת במונה,לפחות אחד המונים אינו בר ניוד,נדחה,295
2023/12,מספקים עם אמצעי ייצור,אסדרה קיימת,ביתי,בעיות תקשורת במונה,לפחות אחד המונים בעל קריאה מרחוק לא תקינה,נדחה,5
2023/12,מספקים עם אמצעי ייצור,אסדרה קיימת,ביתי,בעיות תקשורת במונה,לפחות אחד המונים תחת החוזה אינו בעל יכולת רישום רציף,נדחה,7
2023/12,מספקים עם אמצעי ייצור,אסדרה קיימת,ביתי,בעיות תקשורת במונה,לפחות לאחד המונים אין יכולות קריאה מרחוק - יש להפנות את הלקוח למוקד 103 לצורך התקנה,נדחה,2
2023/12,מספקים עם אמצעי ייצור,אסדרה קיימת,ביתי,בעיות במילוי בקשת הניוד,מספר זיהוי הלקוח אינו משויך אל חשבון החוזה,נדחה,25
2023/12,מספקים עם אמצעי ייצור,אסדרה קיימת,ביתי,אחר,נויד למספק ברירת מחדל,נדחה,2
2023/12,מספקים עם אמצעי ייצור,אסדרה קיימת,ביתי,אחר,נחתם ייפוי כוח מאוחר יותר למספק אחר,נדחה,14
2023/12,מספקים עם אמצעי ייצור,אסדרה קיימת,לא ביתי,אחר,אי תאימות במונים שהוגשו,נדחה,3
2023/12,מספקים עם אמצעי ייצור,אסדרה קיימת,לא ביתי,אחר,"בוטל ידנית ע""י המספק",נדחה,5
2023/12,מספקים עם אמצעי ייצור,אסדרה קיימת,לא ביתי,אחר,החוזה לא פעיל - יש לקבל מהצרכן חוזה חדש,נדחה,18
2023/12,מספקים עם אמצעי ייצור,אסדרה קיימת,לא ביתי,אחר,החלפת לקוחות או סיום חוזה,נדחה,2
2023/12,מספקים עם אמצעי ייצור,אסדרה קיימת,לא ביתי,בעיות במילוי בקשת הניוד,המונה שהוגש לא קיים תחת החוזה,נדחה,42
2023/12,מספקים עם אמצעי ייצור,אסדרה קיימת,לא ביתי,בעיות במילוי בקשת הניוד,חוזה זה כבר קיים למספק זה,נדחה,5
2023/12,מספקים עם אמצעי ייצור,אסדרה קיימת,לא ביתי,אחר,חשבון חוזה לא קיים - מספר לא תקין,נדחה,71
2023/12,מספקים עם אמצעי ייצור,אסדרה קיימת,לא ביתי,ייפוי כוח חסר/לא תקין,ייפוי הכוח לא נחתם,נדחה,64
2023/12,מספקים עם אמצעי ייצור,אסדרה קיימת,לא ביתי,בעיות במילוי בקשת הניוד,לא כל מוני החוזה הוגשו,נדחה,3
2023/12,מספקים עם אמצעי ייצור,אסדרה קיימת,לא ביתי,בעיות תקשורת במונה,לפחות אחד המונים אינו בר ניוד,נדחה,83
2023/12,מספקים עם אמצעי ייצור,אסדרה קיימת,לא ביתי,בעיות תקשורת במונה,לפחות אחד המונים בעל קריאה מרחוק לא תקינה,נדחה,9
2023/12,מספקים עם אמצעי ייצור,אסדרה קיימת,לא ביתי,בעיות תקשורת במונה,לפחות אחד המונים תחת החוזה אינו בעל יכולת רישום רציף,נדחה,13
2023/12,מספקים עם אמצעי ייצור,אסדרה קיימת,לא ביתי,בעיות תקשורת במונה,לפחות לאחד המונים אין יכולות קריאה מרחוק - יש להפנות את הלקוח למוקד 103 לצורך התקנה,נדחה,2
2023/12,מספקים עם אמצעי ייצור,אסדרה קיימת,לא ביתי,בעיות במילוי בקשת הניוד,מספר זיהוי הלקוח אינו משויך אל חשבון החוזה,נדחה,12
2023/12,מספקים עם אמצעי ייצור,אסדרה קיימת,לא ביתי,אחר,נדחה בשל אי מענה ממשקים,נדחה,4
2023/12,מספקים עם אמצעי ייצור,אסדרה קיימת,לא ביתי,אחר,נחתם ייפוי כוח מאוחר יותר למספק אחר,נדחה,1
2023/12,מספקים עם אמצעי ייצור,אסדרה קיימת,לא ביתי,בעיות במילוי בקשת הניוד,תאריך מבוקש לניוד לא תקין,נדחה,1
2023/12,מספקים וירטואליים,תחרות באספקה,ביתי,אחר,"בוטל ידנית ע""י המספק",נדחה,89
2023/12,מספקים וירטואליים,תחרות באספקה,ביתי,אחר,החלפת לקוחות או סיום חוזה,נדחה,1
2023/12,מספקים וירטואליים,תחרות באספקה,ביתי,ייפוי כוח חסר/לא תקין,ייפוי הכוח לא נחתם,נדחה,375
2023/12,מספקים וירטואליים,תחרות באספקה,ביתי,בעיות תקשורת במונה,לפחות אחד המונים אינו בר ניוד,נדחה,226
2023/12,מספקים וירטואליים,תחרות באספקה,ביתי,בעיות תקשורת במונה,לפחות אחד המונים בעל קריאה מרחוק לא תקינה,נדחה,7
2023/12,מספקים וירטואליים,תחרות באספקה,ביתי,בעיות תקשורת במונה,לפחות אחד המונים תחת החוזה אינו בעל יכולת רישום רציף,נדחה,21
2023/12,מספקים וירטואליים,תחרות באספקה,ביתי,בעיות תקשורת במונה,לפחות לאחד המונים אין יכולות קריאה מרחוק - יש להפנות את הלקוח למוקד 103 לצורך התקנה,נדחה,1
2023/12,מספקים וירטואליים,תחרות באספקה,ביתי,בעיות במילוי בקשת הניוד,מספר זיהוי הלקוח אינו משויך אל חשבון החוזה,נדחה,16
2023/12,מספקים וירטואליים,תחרות באספקה,ביתי,אחר,נחתם ייפוי כוח מאוחר יותר למספק אחר,נדחה,6
2023/12,מספקים וירטואליים,תחרות באספקה,לא ביתי,אחר,"בוטל ידנית ע""י המספק",נדחה,1
2023/12,מספקים וירטואליים,תחרות באספקה,לא ביתי,אחר,החוזה לא פעיל - יש לקבל מהצרכן חוזה חדש,נדחה,17
2023/12,מספקים וירטואליים,תחרות באספקה,לא ביתי,בעיות במילוי בקשת הניוד,המונה שהוגש לא קיים תחת החוזה,נדחה,3
2023/12,מספקים וירטואליים,תחרות באספקה,לא ביתי,בעיות במילוי בקשת הניוד,חוזה זה כבר קיים למספק זה,נדחה,72
2023/12,מספקים וירטואליים,תחרות באספקה,לא ביתי,אחר,חשבון חוזה לא קיים - מספר לא תקין,נדחה,11
2023/12,מספקים וירטואליים,תחרות באספקה,לא ביתי,ייפוי כוח חסר/לא תקין,ייפוי הכוח לא נחתם,נדחה,39
2023/12,מספקים וירטואליים,תחרות באספקה,לא ביתי,בעיות במילוי בקשת הניוד,לא כל שדות החובה הוגשו,נדחה,2
2023/12,מספקים וירטואליים,תחרות באספקה,לא ביתי,בעיות תקשורת במונה,לפחות אחד המונים אינו בר ניוד,נדחה,3
2023/12,מספקים וירטואליים,תחרות באספקה,לא ביתי,בעיות תקשורת במונה,לפחות לאחד המונים אין יכולות קריאה מרחוק - יש להפנות את הלקוח למוקד 103 לצורך התקנה,נדחה,1
2023/12,מספקים וירטואליים,תחרות באספקה,לא ביתי,בעיות במילוי בקשת הניוד,מספר זיהוי הלקוח אינו משויך אל חשבון החוזה,נדחה,4
2023/12,מספקים וירטואליים,תחרות באספקה,לא ביתי,אחר,נדחה בשל אי מענה ממשקים,נדחה,2
2024/01,מספקים עם אמצעי ייצור,אסדרה קיימת,ביתי,אושר לניוד,תהליך הניוד הושלם,הושלם,3024
2024/01,מספקים עם אמצעי ייצור,אסדרה קיימת,לא ביתי,אושר לניוד,תהליך הניוד הושלם,הושלם,566
2024/01,מספקים וירטואליים,תחרות באספקה,ביתי,אושר לניוד,תהליך הניוד הושלם,הושלם,992
2024/01,מספקים וירטואליים,תחרות באספקה,לא ביתי,אושר לניוד,תהליך הניוד הושלם,הושלם,102
2024/01,מספקים עם אמצעי ייצור,אסדרה קיימת,ביתי,אחר,"בוטל ידנית ע""י המספק",נדחה,68
2024/01,מספקים עם אמצעי ייצור,אסדרה קיימת,ביתי,אחר,החוזה לא פעיל - יש לקבל מהצרכן חוזה חדש,נדחה,1
2024/01,מספקים עם אמצעי ייצור,אסדרה קיימת,ביתי,אחר,החלפת לקוחות או סיום חוזה,נדחה,6
2024/01,מספקים עם אמצעי ייצור,אסדרה קיימת,ביתי,בעיות במילוי בקשת הניוד,המונה שהוגש לא קיים תחת החוזה,נדחה,1
2024/01,מספקים עם אמצעי ייצור,אסדרה קיימת,ביתי,ייפוי כוח חסר/לא תקין,ייפוי הכוח לא נחתם,נדחה,985
2024/01,מספקים עם אמצעי ייצור,אסדרה קיימת,ביתי,בעיות תקשורת במונה,לפחות אחד המונים אינו בר ניוד,נדחה,124
2024/01,מספקים עם אמצעי ייצור,אסדרה קיימת,ביתי,בעיות תקשורת במונה,לפחות אחד המונים בעל קריאה מרחוק לא תקינה,נדחה,38
2024/01,מספקים עם אמצעי ייצור,אסדרה קיימת,ביתי,בעיות תקשורת במונה,לפחות אחד המונים תחת החוזה אינו בעל יכולת רישום רציף,נדחה,7
2024/01,מספקים עם אמצעי ייצור,אסדרה קיימת,ביתי,בעיות במילוי בקשת הניוד,מספר זיהוי הלקוח אינו משויך אל חשבון החוזה,נדחה,34
2024/01,מספקים עם אמצעי ייצור,אסדרה קיימת,ביתי,אחר,נויד למספק ברירת מחדל,נדחה,2
2024/01,מספקים עם אמצעי ייצור,אסדרה קיימת,ביתי,אחר,נחתם ייפוי כוח מאוחר יותר למספק אחר,נדחה,11
2024/01,מספקים עם אמצעי ייצור,אסדרה קיימת,לא ביתי,אחר,"בוטל ידנית ע""י המספק",נדחה,23
2024/01,מספקים עם אמצעי ייצור,אסדרה קיימת,לא ביתי,אחר,החוזה לא פעיל - יש לקבל מהצרכן חוזה חדש,נדחה,18
2024/01,מספקים עם אמצעי ייצור,אסדרה קיימת,לא ביתי,אחר,החלפת לקוחות או סיום חוזה,נדחה,2
2024/01,מספקים עם אמצעי ייצור,אסדרה קיימת,לא ביתי,בעיות במילוי בקשת הניוד,המונה שהוגש לא קיים תחת החוזה,נדחה,22
2024/01,מספקים עם אמצעי ייצור,אסדרה קיימת,לא ביתי,בעיות במילוי בקשת הניוד,חוזה זה כבר קיים למספק זה,נדחה,22
2024/01,מספקים עם אמצעי ייצור,אסדרה קיימת,לא ביתי,ייפוי כוח חסר/לא תקין,ייפוי הכוח לא נחתם,נדחה,87
2024/01,מספקים עם אמצעי ייצור,אסדרה קיימת,לא ביתי,בעיות במילוי בקשת הניוד,לא כל מוני החוזה הוגשו,נדחה,2
2024/01,מספקים עם אמצעי ייצור,אסדרה קיימת,לא ביתי,בעיות במילוי בקשת הניוד,לא כל שדות החובה הוגשו,נדחה,52
2024/01,מספקים עם אמצעי ייצור,אסדרה קיימת,לא ביתי,בעיות תקשורת במונה,לפחות אחד המונים אינו בר ניוד,נדחה,80
2024/01,מספקים עם אמצעי ייצור,אסדרה קיימת,לא ביתי,בעיות תקשורת במונה,לפחות אחד המונים בעל קריאה מרחוק לא תקינה,נדחה,3
2024/01,מספקים עם אמצעי ייצור,אסדרה קיימת,לא ביתי,בעיות תקשורת במונה,לפחות אחד המונים תחת החוזה אינו בעל יכולת רישום רציף,נדחה,33
2024/01,מספקים עם אמצעי ייצור,אסדרה קיימת,לא ביתי,בעיות תקשורת במונה,לפחות לאחד המונים אין יכולות קריאה מרחוק - יש להפנות את הלקוח למוקד 103 לצורך התקנה,נדחה,2
2024/01,מספקים עם אמצעי ייצור,אסדרה קיימת,לא ביתי,בעיות במילוי בקשת הניוד,מספר זיהוי הלקוח אינו משויך אל חשבון החוזה,נדחה,7
2024/01,מספקים עם אמצעי ייצור,אסדרה קיימת,לא ביתי,אחר,נדחה בשל אי מענה ממשקים,נדחה,1
2024/01,מספקים עם אמצעי ייצור,אסדרה קיימת,לא ביתי,אחר,נחתם ייפוי כוח מאוחר יותר למספק אחר,נדחה,1
2024/01,מספקים עם אמצעי ייצור,אסדרה קיימת,לא ביתי,בעיות במילוי בקשת הניוד,תאריך מבוקש לניוד לא תקין,נדחה,1
2024/01,מספקים וירטואליים,תחרות באספקה,ביתי,אחר,"בוטל ידנית ע""י המספק",נדחה,57
2024/01,מספקים וירטואליים,תחרות באספקה,ביתי,אחר,החלפת לקוחות או סיום חוזה,נדחה,5
2024/01,מספקים וירטואליים,תחרות באספקה,ביתי,ייפוי כוח חסר/לא תקין,ייפוי הכוח לא נחתם,נדחה,1526
2024/01,מספקים וירטואליים,תחרות באספקה,ביתי,בעיות תקשורת במונה,לפחות אחד המונים אינו בר ניוד,נדחה,383
2024/01,מספקים וירטואליים,תחרות באספקה,ביתי,בעיות תקשורת במונה,לפחות אחד המונים בעל קריאה מרחוק לא תקינה,נדחה,24
2024/01,מספקים וירטואליים,תחרות באספקה,ביתי,בעיות תקשורת במונה,לפחות אחד המונים תחת החוזה אינו בעל יכולת רישום רציף,נדחה,48
2024/01,מספקים וירטואליים,תחרות באספקה,ביתי,בעיות תקשורת במונה,לפחות לאחד המונים אין יכולות קריאה מרחוק - יש להפנות את הלקוח למוקד 103 לצורך התקנה,נדחה,1
2024/01,מספקים וירטואליים,תחרות באספקה,ביתי,בעיות במילוי בקשת הניוד,מספר זיהוי הלקוח אינו משויך אל חשבון החוזה,נדחה,36
2024/01,מספקים וירטואליים,תחרות באספקה,ביתי,אחר,נחתם ייפוי כוח מאוחר יותר למספק אחר,נדחה,6
2024/01,מספקים וירטואליים,תחרות באספקה,לא ביתי,אחר,"בוטל ידנית ע""י המספק",נדחה,14
2024/01,מספקים וירטואליים,תחרות באספקה,לא ביתי,אחר,החוזה לא פעיל - יש לקבל מהצרכן חוזה חדש,נדחה,31
2024/01,מספקים וירטואליים,תחרות באספקה,לא ביתי,בעיות במילוי בקשת הניוד,המונה שהוגש לא קיים תחת החוזה,נדחה,20
2024/01,מספקים וירטואליים,תחרות באספקה,לא ביתי,בעיות במילוי בקשת הניוד,חוזה זה כבר קיים למספק זה,נדחה,29
2024/01,מספקים וירטואליים,תחרות באספקה,לא ביתי,אחר,חשבון חוזה לא קיים - מספר לא תקין,נדחה,10
2024/01,מספקים וירטואליים,תחרות באספקה,לא ביתי,ייפוי כוח חסר/לא תקין,ייפוי הכוח לא נחתם,נדחה,69
2024/01,מספקים וירטואליים,תחרות באספקה,לא ביתי,בעיות במילוי בקשת הניוד,לא כל מוני החוזה הוגשו,נדחה,1
2024/01,מספקים וירטואליים,תחרות באספקה,לא ביתי,בעיות תקשורת במונה,לפחות אחד המונים אינו בר ניוד,נדחה,10
2024/01,מספקים וירטואליים,תחרות באספקה,לא ביתי,בעיות תקשורת במונה,לפחות אחד המונים בעל קריאה מרחוק לא תקינה,נדחה,1
2024/01,מספקים וירטואליים,תחרות באספקה,לא ביתי,בעיות תקשורת במונה,לפחות אחד המונים תחת החוזה אינו בעל יכולת רישום רציף,נדחה,9
2024/01,מספקים וירטואליים,תחרות באספקה,לא ביתי,בעיות במילוי בקשת הניוד,מספר זיהוי הלקוח אינו משויך אל חשבון החוזה,נדחה,13
2024/01,מספקים וירטואליים,תחרות באספקה,לא ביתי,אחר,נדחה בשל אי מענה ממשקים,נדחה,2
2024/01,מספקים וירטואליים,תחרות באספקה,לא ביתי,אחר,"נסגר ידנית ע""י נגה",נדחה,1
2024/02,מספקים עם אמצעי ייצור,אסדרה קיימת,ביתי,אושר לניוד,עסקה הסתיימה,הושלם,4
2024/02,מספקים עם אמצעי ייצור,אסדרה קיימת,ביתי,אושר לניוד,תהליך הניוד הושלם,הושלם,3969
2024/02,מספקים עם אמצעי ייצור,אסדרה קיימת,לא ביתי,אושר לניוד,תהליך הניוד הושלם,הושלם,229
2024/02,מספקים וירטואליים,תחרות באספקה,ביתי,אושר לניוד,עסקה הסתיימה,הושלם,2
2024/02,מספקים וירטואליים,תחרות באספקה,ביתי,אושר לניוד,תהליך הניוד הושלם,הושלם,850
2024/02,מספקים וירטואליים,תחרות באספקה,לא ביתי,אושר לניוד,תהליך הניוד הושלם,הושלם,91
2024/02,מספקים עם אמצעי ייצור,אסדרה קיימת,ביתי,אחר,"בוטל ידנית ע""י המספק",נדחה,200
2024/02,מספקים עם אמצעי ייצור,אסדרה קיימת,ביתי,אחר,החוזה לא פעיל - יש לקבל מהצרכן חוזה חדש,נדחה,3
2024/02,מספקים עם אמצעי ייצור,אסדרה קיימת,ביתי,אחר,החלפת לקוחות או סיום חוזה,נדחה,25
2024/02,מספקים עם אמצעי ייצור,אסדרה קיימת,ביתי,בעיות במילוי בקשת הניוד,המונה שהוגש לא קיים תחת החוזה,נדחה,1
2024/02,מספקים עם אמצעי ייצור,אסדרה קיימת,ביתי,ייפוי כוח חסר/לא תקין,ייפוי הכוח לא נחתם,נדחה,2190
2024/02,מספקים עם אמצעי ייצור,אסדרה קיימת,ביתי,בעיות במילוי בקשת הניוד,לא כל מוני החוזה הוגשו,נדחה,2
2024/02,מספקים עם אמצעי ייצור,אסדרה קיימת,ביתי,בעיות תקשורת במונה,לפחות אחד המונים אינו בר ניוד,נדחה,393
2024/02,מספקים עם אמצעי ייצור,אסדרה קיימת,ביתי,בעיות תקשורת במונה,לפחות אחד המונים בעל קריאה מרחוק לא תקינה,נדחה,26
2024/02,מספקים עם אמצעי ייצור,אסדרה קיימת,ביתי,בעיות תקשורת במונה,לפחות אחד המונים תחת החוזה אינו בעל יכולת רישום רציף,נדחה,247
2024/02,מספקים עם אמצעי ייצור,אסדרה קיימת,ביתי,בעיות תקשורת במונה,לפחות לאחד המונים אין יכולות קריאה מרחוק - יש להפנות את הלקוח למוקד 103 לצורך התקנה,נדחה,3
2024/02,מספקים עם אמצעי ייצור,אסדרה קיימת,ביתי,בעיות במילוי בקשת הניוד,מספר זיהוי הלקוח אינו משויך אל חשבון החוזה,נדחה,79
2024/02,מספקים עם אמצעי ייצור,אסדרה קיימת,ביתי,אחר,נויד למספק ברירת מחדל,נדחה,5
2024/02,מספקים עם אמצעי ייצור,אסדרה קיימת,ביתי,אחר,נחתם ייפוי כוח מאוחר יותר למספק אחר,נדחה,50
2024/02,מספקים עם אמצעי ייצור,אסדרה קיימת,לא ביתי,אחר,אי תאימות במונים שהוגשו,נדחה,5
2024/02,מספקים עם אמצעי ייצור,אסדרה קיימת,לא ביתי,אחר,"בוטל ידנית ע""י המספק",נדחה,15
2024/02,מספקים עם אמצעי ייצור,אסדרה קיימת,לא ביתי,אחר,החוזה לא פעיל - יש לקבל מהצרכן חוזה חדש,נדחה,29
2024/02,מספקים עם אמצעי ייצור,אסדרה קיימת,לא ביתי,אחר,החלפת לקוחות או סיום חוזה,נדחה,1
2024/02,מספקים עם אמצעי ייצור,אסדרה קיימת,לא ביתי,בעיות במילוי בקשת הניוד,המונה שהוגש לא קיים תחת החוזה,נדחה,13
2024/02,מספקים עם אמצעי ייצור,אסדרה קיימת,לא ביתי,בעיות במילוי בקשת הניוד,חוזה זה כבר קיים למספק זה,נדחה,21
2024/02,מספקים עם אמצעי ייצור,אסדרה קיימת,לא ביתי,אחר,חשבון חוזה לא קיים - מספר לא תקין,נדחה,3
2024/02,מספקים עם אמצעי ייצור,אסדרה קיימת,לא ביתי,ייפוי כוח חסר/לא תקין,ייפוי הכוח לא נחתם,נדחה,74
2024/02,מספקים עם אמצעי ייצור,אסדרה קיימת,לא ביתי,בעיות במילוי בקשת הניוד,לא כל מוני החוזה הוגשו,נדחה,2
2024/02,מספקים עם אמצעי ייצור,אסדרה קיימת,לא ביתי,בעיות במילוי בקשת הניוד,לא כל שדות החובה הוגשו,נדחה,1
2024/02,מספקים עם אמצעי ייצור,אסדרה קיימת,לא ביתי,בעיות תקשורת במונה,לפחות אחד המונים אינו בר ניוד,נדחה,122
2024/02,מספקים עם אמצעי ייצור,אסדרה קיימת,לא ביתי,בעיות תקשורת במונה,לפחות אחד המונים בעל קריאה מרחוק לא תקינה,נדחה,2
2024/02,מספקים עם אמצעי ייצור,אסדרה קיימת,לא ביתי,בעיות תקשורת במונה,לפחות אחד המונים תחת החוזה אינו בעל יכולת רישום רציף,נדחה,42
2024/02,מספקים עם אמצעי ייצור,אסדרה קיימת,לא ביתי,בעיות תקשורת במונה,לפחות לאחד המונים אין יכולות קריאה מרחוק - יש להפנות את הלקוח למוקד 103 לצורך התקנה,נדחה,2
2024/02,מספקים עם אמצעי ייצור,אסדרה קיימת,לא ביתי,בעיות במילוי בקשת הניוד,מספר זיהוי הלקוח אינו משויך אל חשבון החוזה,נדחה,72
2024/02,מספקים עם אמצעי ייצור,אסדרה קיימת,לא ביתי,אחר,נדחה בשל אי מענה ממשקים,נדחה,11
2024/02,מספקים עם אמצעי ייצור,אסדרה קיימת,לא ביתי,אחר,נחתם ייפוי כוח מאוחר יותר למספק אחר,נדחה,6
2024/02,מספקים עם אמצעי ייצור,אסדרה קיימת,לא ביתי,בעיות במילוי בקשת הניוד,פרטי הזדהות איש קשר לא תקינים,נדחה,2
2024/02,מספקים וירטואליים,תחרות באספקה,ביתי,אחר,"בוטל ידנית ע""י המספק",נדחה,401
2024/02,מספקים וירטואליים,תחרות באספקה,ביתי,אחר,החוזה לא פעיל - יש לקבל מהצרכן חוזה חדש,נדחה,1
2024/02,מספקים וירטואליים,תחרות באספקה,ביתי,אחר,החלפת לקוחות או סיום חוזה,נדחה,3
2024/02,מספקים וירטואליים,תחרות באספקה,ביתי,בעיות במילוי בקשת הניוד,המונה שהוגש לא קיים תחת החוזה,נדחה,6
2024/02,מספקים וירטואליים,תחרות באספקה,ביתי,ייפוי כוח חסר/לא תקין,ייפוי הכוח לא נחתם,נדחה,252
2024/02,מספקים וירטואליים,תחרות באספקה,ביתי,בעיות תקשורת במונה,לפחות אחד המונים אינו בר ניוד,נדחה,214
2024/02,מספקים וירטואליים,תחרות באספקה,ביתי,בעיות תקשורת במונה,לפחות אחד המונים בעל קריאה מרחוק לא תקינה,נדחה,11
2024/02,מספקים וירטואליים,תחרות באספקה,ביתי,בעיות תקשורת במונה,לפחות אחד המונים תחת החוזה אינו בעל יכולת רישום רציף,נדחה,440
2024/02,מספקים וירטואליים,תחרות באספקה,ביתי,בעיות תקשורת במונה,לפחות לאחד המונים אין יכולות קריאה מרחוק - יש להפנות את הלקוח למוקד 103 לצורך התקנה,נדחה,1
2024/02,מספקים וירטואליים,תחרות באספקה,ביתי,בעיות במילוי בקשת הניוד,מספר זיהוי הלקוח אינו משויך אל חשבון החוזה,נדחה,25
2024/02,מספקים וירטואליים,תחרות באספקה,ביתי,אחר,נחתם ייפוי כוח מאוחר יותר למספק אחר,נדחה,11
2024/02,מספקים וירטואליים,תחרות באספקה,לא ביתי,אחר,"בוטל ידנית ע""י המספק",נדחה,27
2024/02,מספקים וירטואליים,תחרות באספקה,לא ביתי,אחר,החוזה לא פעיל - יש לקבל מהצרכן חוזה חדש,נדחה,30
2024/02,מספקים וירטואליים,תחרות באספקה,לא ביתי,בעיות במילוי בקשת הניוד,המונה שהוגש לא קיים תחת החוזה,נדחה,29
2024/02,מספקים וירטואליים,תחרות באספקה,לא ביתי,בעיות במילוי בקשת הניוד,חוזה זה כבר קיים למספק זה,נדחה,62
2024/02,מספקים וירטואליים,תחרות באספקה,לא ביתי,אחר,חשבון חוזה לא קיים - מספר לא תקין,נדחה,2
2024/02,מספקים וירטואליים,תחרות באספקה,לא ביתי,ייפוי כוח חסר/לא תקין,ייפוי הכוח לא נחתם,נדחה,37
2024/02,מספקים וירטואליים,תחרות באספקה,לא ביתי,בעיות במילוי בקשת הניוד,לא כל שדות החובה הוגשו,נדחה,1
2024/02,מספקים וירטואליים,תחרות באספקה,לא ביתי,בעיות תקשורת במונה,לפחות אחד המונים אינו בר ניוד,נדחה,17
2024/02,מספקים וירטואליים,תחרות באספקה,לא ביתי,בעיות תקשורת במונה,לפחות אחד המונים תחת החוזה אינו בעל יכולת רישום רציף,נדחה,17
2024/02,מספקים וירטואליים,תחרות באספקה,לא ביתי,בעיות במילוי בקשת הניוד,מספר זיהוי הלקוח אינו משויך אל חשבון החוזה,נדחה,10
2024/02,מספקים וירטואליים,תחרות באספקה,לא ביתי,אחר,נדחה בשל אי מענה ממשקים,נדחה,7
2024/02,מספקים וירטואליים,תחרות באספקה,לא ביתי,אחר,נחתם ייפוי כוח מאוחר יותר למספק אחר,נדחה,1
2024/02,מספקים וירטואליים,תחרות באספקה,לא ביתי,אחר,"נסגר ידנית ע""י נגה",נדחה,1
2024/02,מספקים וירטואליים,תחרות באספקה,לא ביתי,בעיות במילוי בקשת הניוד,פרטי הזדהות איש קשר לא תקינים,נדחה,3
2024/03,מספקים עם אמצעי ייצור,אסדרה קיימת,ביתי,אושר לניוד,עסקה הסתיימה,הושלם,6
2024/03,מספקים עם אמצעי ייצור,אסדרה קיימת,ביתי,אושר לניוד,תהליך הניוד הושלם,הושלם,3017
2024/03,מספקים עם אמצעי ייצור,אסדרה קיימת,לא ביתי,אושר לניוד,עסקה הסתיימה,הושלם,1
2024/03,מספקים עם אמצעי ייצור,אסדרה קיימת,לא ביתי,אושר לניוד,תהליך הניוד הושלם,הושלם,253
2024/03,מספקים וירטואליים,תחרות באספקה,ביתי,אושר לניוד,עסקה הסתיימה,הושלם,13
2024/03,מספקים וירטואליים,תחרות באספקה,ביתי,אושר לניוד,תהליך הניוד הושלם,הושלם,9598
2024/03,מספקים וירטואליים,תחרות באספקה,לא ביתי,אושר לניוד,עסקה הסתיימה,הושלם,1
2024/03,מספקים וירטואליים,תחרות באספקה,לא ביתי,אושר לניוד,תהליך הניוד הושלם,הושלם,583
2024/03,מספקים עם אמצעי ייצור,אסדרה קיימת,ביתי,אחר,"בוטל ידנית ע""י המספק",נדחה,67
2024/03,מספקים עם אמצעי ייצור,אסדרה קיימת,ביתי,אחר,החלפת לקוחות או סיום חוזה,נדחה,6
2024/03,מספקים עם אמצעי ייצור,אסדרה קיימת,ביתי,ייפוי כוח חסר/לא תקין,ייפוי הכוח לא נחתם,נדחה,599
2024/03,מספקים עם אמצעי ייצור,אסדרה קיימת,ביתי,בעיות תקשורת במונה,לפחות אחד המונים אינו בר ניוד,נדחה,53
2024/03,מספקים עם אמצעי ייצור,אסדרה קיימת,ביתי,בעיות תקשורת במונה,לפחות אחד המונים בעל קריאה מרחוק לא תקינה,נדחה,20
2024/03,מספקים עם אמצעי ייצור,אסדרה קיימת,ביתי,בעיות תקשורת במונה,לפחות אחד המונים תחת החוזה אינו בעל יכולת רישום רציף,נדחה,13
2024/03,מספקים עם אמצעי ייצור,אסדרה קיימת,ביתי,בעיות במילוי בקשת הניוד,מספר זיהוי הלקוח אינו משויך אל חשבון החוזה,נדחה,9
2024/03,מספקים עם אמצעי ייצור,אסדרה קיימת,ביתי,אחר,נדחה בשל אי מענה ממשקים,נדחה,4
2024/03,מספקים עם אמצעי ייצור,אסדרה קיימת,ביתי,אחר,נויד למספק ברירת מחדל,נדחה,5
2024/03,מספקים עם אמצעי ייצור,אסדרה קיימת,ביתי,אחר,נחתם ייפוי כוח מאוחר יותר למספק אחר,נדחה,34
2024/03,מספקים עם אמצעי ייצור,אסדרה קיימת,לא ביתי,אחר,"בוטל ידנית ע""י המספק",נדחה,42
2024/03,מספקים עם אמצעי ייצור,אסדרה קיימת,לא ביתי,אחר,החוזה לא פעיל - יש לקבל מהצרכן חוזה חדש,נדחה,8
2024/03,מספקים עם אמצעי ייצור,אסדרה קיימת,לא ביתי,אחר,החלפת לקוחות או סיום חוזה,נדחה,1
2024/03,מספקים עם אמצעי ייצור,אסדרה קיימת,לא ביתי,בעיות במילוי בקשת הניוד,המונה שהוגש לא קיים תחת החוזה,נדחה,3
2024/03,מספקים עם אמצעי ייצור,אסדרה קיימת,לא ביתי,בעיות במילוי בקשת הניוד,חוזה זה כבר קיים למספק זה,נדחה,12
2024/03,מספקים עם אמצעי ייצור,אסדרה קיימת,לא ביתי,ייפוי כוח חסר/לא תקין,ייפוי הכוח לא נחתם,נדחה,44
2024/03,מספקים עם אמצעי ייצור,אסדרה קיימת,לא ביתי,בעיות במילוי בקשת הניוד,לא כל שדות החובה הוגשו,נדחה,7
2024/03,מספקים עם אמצעי ייצור,אסדרה קיימת,לא ביתי,בעיות תקשורת במונה,לפחות אחד המונים אינו בר ניוד,נדחה,75
2024/03,מספקים עם אמצעי ייצור,אסדרה קיימת,לא ביתי,בעיות תקשורת במונה,לפחות אחד המונים בעל קריאה מרחוק לא תקינה,נדחה,1
2024/03,מספקים עם אמצעי ייצור,אסדרה קיימת,לא ביתי,בעיות תקשורת במונה,לפחות אחד המונים תחת החוזה אינו בעל יכולת רישום רציף,נדחה,19
2024/03,מספקים עם אמצעי ייצור,אסדרה קיימת,לא ביתי,בעיות תקשורת במונה,לפחות לאחד המונים אין יכולות קריאה מרחוק - יש להפנות את הלקוח למוקד 103 לצורך התקנה,נדחה,3
2024/03,מספקים עם אמצעי ייצור,אסדרה קיימת,לא ביתי,בעיות במילוי בקשת הניוד,מספר זיהוי הלקוח אינו משויך אל חשבון החוזה,נדחה,3
2024/03,מספקים עם אמצעי ייצור,אסדרה קיימת,לא ביתי,אחר,נדחה בשל אי מענה ממשקים,נדחה,9
2024/03,מספקים עם אמצעי ייצור,אסדרה קיימת,לא ביתי,בעיות במילוי בקשת הניוד,תאריך מבוקש לניוד לא תקין,נדחה,3
2024/03,מספקים וירטואליים,תחרות באספקה,ביתי,אחר,"בוטל ידנית ע""י המספק",נדחה,540
2024/03,מספקים וירטואליים,תחרות באספקה,ביתי,אחר,החלפת לקוחות או סיום חוזה,נדחה,25
2024/03,מספקים וירטואליים,תחרות באספקה,ביתי,ייפוי כוח חסר/לא תקין,ייפוי הכוח לא נחתם,נדחה,293
2024/03,מספקים וירטואליים,תחרות באספקה,ביתי,בעיות תקשורת במונה,לפחות אחד המונים אינו בר ניוד,נדחה,312
2024/03,מספקים וירטואליים,תחרות באספקה,ביתי,בעיות תקשורת במונה,לפחות אחד המונים בעל קריאה מרחוק לא תקינה,נדחה,42
2024/03,מספקים וירטואליים,תחרות באספקה,ביתי,אחר,"לפחות אחד המונים בתהליך הקמה במערכות חח""י",נדחה,1
2024/03,מספקים וירטואליים,תחרות באספקה,ביתי,בעיות תקשורת במונה,לפחות אחד המונים תחת החוזה אינו בעל יכולת רישום רציף,נדחה,249
2024/03,מספקים וירטואליים,תחרות באספקה,ביתי,בעיות במילוי בקשת הניוד,מספר זיהוי הלקוח אינו משויך אל חשבון החוזה,נדחה,156
2024/03,מספקים וירטואליים,תחרות באספקה,ביתי,אחר,נדחה בשל אי מענה ממשקים,נדחה,3
2024/03,מספקים וירטואליים,תחרות באספקה,ביתי,אחר,נויד למספק ברירת מחדל,נדחה,17
2024/03,מספקים וירטואליים,תחרות באספקה,ביתי,אחר,נחתם ייפוי כוח מאוחר יותר למספק אחר,נדחה,90
2024/03,מספקים וירטואליים,תחרות באספקה,לא ביתי,אחר,"בוטל ידנית ע""י המספק",נדחה,13
2024/03,מספקים וירטואליים,תחרות באספקה,לא ביתי,אחר,החוזה לא פעיל - יש לקבל מהצרכן חוזה חדש,נדחה,32
2024/03,מספקים וירטואליים,תחרות באספקה,לא ביתי,אחר,החלפת לקוחות או סיום חוזה,נדחה,3
2024/03,מספקים וירטואליים,תחרות באספקה,לא ביתי,בעיות במילוי בקשת הניוד,המונה שהוגש לא קיים תחת החוזה,נדחה,2
2024/03,מספקים וירטואליים,תחרות באספקה,לא ביתי,בעיות במילוי בקשת הניוד,חוזה זה כבר קיים למספק זה,נדחה,23
2024/03,מספקים וירטואליים,תחרות באספקה,לא ביתי,אחר,חשבון חוזה לא קיים - מספר לא תקין,נדחה,4
2024/03,מספקים וירטואליים,תחרות באספקה,לא ביתי,ייפוי כוח חסר/לא תקין,ייפוי הכוח לא נחתם,נדחה,16
2024/03,מספקים וירטואליים,תחרות באספקה,לא ביתי,בעיות במילוי בקשת הניוד,לא כל שדות החובה הוגשו,נדחה,10
2024/03,מספקים וירטואליים,תחרות באספקה,לא ביתי,בעיות תקשורת במונה,לפחות אחד המונים אינו בר ניוד,נדחה,18
2024/03,מספקים וירטואליים,תחרות באספקה,לא ביתי,בעיות תקשורת במונה,לפחות אחד המונים בעל קריאה מרחוק לא תקינה,נדחה,2
2024/03,מספקים וירטואליים,תחרות באספקה,לא ביתי,בעיות תקשורת במונה,לפחות אחד המונים תחת החוזה אינו בעל יכולת רישום רציף,נדחה,22
2024/03,מספקים וירטואליים,תחרות באספקה,לא ביתי,בעיות במילוי בקשת הניוד,מספר זיהוי הלקוח אינו משויך אל חשבון החוזה,נדחה,43
2024/03,מספקים וירטואליים,תחרות באספקה,לא ביתי,אחר,נדחה בשל אי מענה ממשקים,נדחה,28
2024/03,מספקים וירטואליים,תחרות באספקה,לא ביתי,אחר,נחתם ייפוי כוח מאוחר יותר למספק אחר,נדחה,2
2024/04,מספקים עם אמצעי ייצור,אסדרה קיימת,ביתי,אושר לניוד,תהליך הניוד הושלם,הושלם,2277
2024/04,מספקים עם אמצעי ייצור,אסדרה קיימת,לא ביתי,אושר לניוד,תהליך הניוד הושלם,הושלם,802
2024/04,מספקים וירטואליים,תחרות באספקה,ביתי,אושר לניוד,תהליך הניוד הושלם,הושלם,4183
2024/04,מספקים וירטואליים,תחרות באספקה,לא ביתי,אושר לניוד,תהליך הניוד הושלם,הושלם,176
2024/04,מספקים עם אמצעי ייצור,אסדרה קיימת,ביתי,אחר,"בוטל ידנית ע""י המספק",נדחה,7
2024/04,מספקים עם אמצעי ייצור,אסדרה קיימת,ביתי,אחר,החלפת לקוחות או סיום חוזה,נדחה,9
2024/04,מספקים עם אמצעי ייצור,אסדרה קיימת,ביתי,ייפוי כוח חסר/לא תקין,ייפוי הכוח לא נחתם,נדחה,290
2024/04,מספקים עם אמצעי ייצור,אסדרה קיימת,ביתי,בעיות תקשורת במונה,לפחות אחד המונים אינו בר ניוד,נדחה,129
2024/04,מספקים עם אמצעי ייצור,אסדרה קיימת,ביתי,בעיות תקשורת במונה,לפחות אחד המונים בעל קריאה מרחוק לא תקינה,נדחה,33
2024/04,מספקים עם אמצעי ייצור,אסדרה קיימת,ביתי,אחר,"לפחות אחד המונים בתהליך הקמה במערכות חח""י",נדחה,1
2024/04,מספקים עם אמצעי ייצור,אסדרה קיימת,ביתי,בעיות תקשורת במונה,לפחות אחד המונים תחת החוזה אינו בעל יכולת רישום רציף,נדחה,48
2024/04,מספקים עם אמצעי ייצור,אסדרה קיימת,ביתי,בעיות במילוי בקשת הניוד,מספר זיהוי הלקוח אינו משויך אל חשבון החוזה,נדחה,5
2024/04,מספקים עם אמצעי ייצור,אסדרה קיימת,ביתי,אחר,נויד למספק ברירת מחדל,נדחה,1
2024/04,מספקים עם אמצעי ייצור,אסדרה קיימת,ביתי,אחר,נחתם ייפוי כוח מאוחר יותר למספק אחר,נדחה,11
2024/04,מספקים עם אמצעי ייצור,אסדרה קיימת,לא ביתי,בעיות במילוי בקשת הניוד,איש הקשר של המספק אינו מורשה חתימה,נדחה,199
2024/04,מספקים עם אמצעי ייצור,אסדרה קיימת,לא ביתי,אחר,"בוטל ידנית ע""י המספק",נדחה,2
2024/04,מספקים עם אמצעי ייצור,אסדרה קיימת,לא ביתי,אחר,החוזה לא פעיל - יש לקבל מהצרכן חוזה חדש,נדחה,6
2024/04,מספקים עם אמצעי ייצור,אסדרה קיימת,לא ביתי,אחר,החלפת לקוחות או סיום חוזה,נדחה,4
2024/04,מספקים עם אמצעי ייצור,אסדרה קיימת,לא ביתי,בעיות במילוי בקשת הניוד,המונה שהוגש לא קיים תחת החוזה,נדחה,134
2024/04,מספקים עם אמצעי ייצור,אסדרה קיימת,לא ביתי,בעיות במילוי בקשת הניוד,חוזה זה כבר קיים למספק זה,נדחה,31
2024/04,מספקים עם אמצעי ייצור,אסדרה קיימת,לא ביתי,אחר,חשבון חוזה לא קיים - מספר לא תקין,נדחה,2
2024/04,מספקים עם אמצעי ייצור,אסדרה קיימת,לא ביתי,ייפוי כוח חסר/לא תקין,ייפוי הכוח לא נחתם,נדחה,23
2024/04,מספקים עם אמצעי ייצור,אסדרה קיימת,לא ביתי,בעיות במילוי בקשת הניוד,לא כל שדות החובה הוגשו,נדחה,7
2024/04,מספקים עם אמצעי ייצור,אסדרה קיימת,לא ביתי,בעיות תקשורת במונה,לפחות אחד המונים אינו בר ניוד,נדחה,68
2024/04,מספקים עם אמצעי ייצור,אסדרה קיימת,לא ביתי,בעיות תקשורת במונה,לפחות אחד המונים בעל קריאה מרחוק לא תקינה,נדחה,1
2024/04,מספקים עם אמצעי ייצור,אסדרה קיימת,לא ביתי,בעיות תקשורת במונה,לפחות אחד המונים תחת החוזה אינו בעל יכולת רישום רציף,נדחה,7
2024/04,מספקים עם אמצעי ייצור,אסדרה קיימת,לא ביתי,בעיות תקשורת במונה,לפחות לאחד המונים אין יכולות קריאה מרחוק - יש להפנות את הלקוח למוקד 103 לצורך התקנה,נדחה,6
2024/04,מספקים עם אמצעי ייצור,אסדרה קיימת,לא ביתי,בעיות במילוי בקשת הניוד,מספר זיהוי הלקוח אינו משויך אל חשבון החוזה,נדחה,52
2024/04,מספקים עם אמצעי ייצור,אסדרה קיימת,לא ביתי,אחר,נדחה בשל אי מענה ממשקים,נדחה,3
2024/04,מספקים עם אמצעי ייצור,אסדרה קיימת,לא ביתי,אחר,נחתם ייפוי כוח מאוחר יותר למספק אחר,נדחה,3
2024/04,מספקים וירטואליים,תחרות באספקה,ביתי,אחר,"בוטל ידנית ע""י המספק",נדחה,259
2024/04,מספקים וירטואליים,תחרות באספקה,ביתי,אחר,החוזה לא פעיל - יש לקבל מהצרכן חוזה חדש,נדחה,1
2024/04,מספקים וירטואליים,תחרות באספקה,ביתי,אחר,החלפת לקוחות או סיום חוזה,נדחה,8
2024/04,מספקים וירטואליים,תחרות באספקה,ביתי,בעיות במילוי בקשת הניוד,המונה שהוגש לא קיים תחת החוזה,נדחה,1
2024/04,מספקים וירטואליים,תחרות באספקה,ביתי,ייפוי כוח חסר/לא תקין,ייפוי הכוח לא נחתם,נדחה,34
2024/04,מספקים וירטואליים,תחרות באספקה,ביתי,בעיות תקשורת במונה,לפחות אחד המונים אינו בר ניוד,נדחה,404
2024/04,מספקים וירטואליים,תחרות באספקה,ביתי,בעיות תקשורת במונה,לפחות אחד המונים בעל קריאה מרחוק לא תקינה,נדחה,67
2024/04,מספקים וירטואליים,תחרות באספקה,ביתי,בעיות תקשורת במונה,לפחות אחד המונים תחת החוזה אינו בעל יכולת רישום רציף,נדחה,66
2024/04,מספקים וירטואליים,תחרות באספקה,ביתי,בעיות תקשורת במונה,לפחות לאחד המונים אין יכולות קריאה מרחוק - יש להפנות את הלקוח למוקד 103 לצורך התקנה,נדחה,1
2024/04,מספקים וירטואליים,תחרות באספקה,ביתי,בעיות במילוי בקשת הניוד,מספר זיהוי הלקוח אינו משויך אל חשבון החוזה,נדחה,215
2024/04,מספקים וירטואליים,תחרות באספקה,ביתי,אחר,נחתם ייפוי כוח מאוחר יותר למספק אחר,נדחה,21
2024/04,מספקים וירטואליים,תחרות באספקה,לא ביתי,אחר,"בוטל ידנית ע""י המספק",נדחה,302
2024/04,מספקים וירטואליים,תחרות באספקה,לא ביתי,אחר,החוזה לא פעיל - יש לקבל מהצרכן חוזה חדש,נדחה,31
2024/04,מספקים וירטואליים,תחרות באספקה,לא ביתי,אחר,החלפת לקוחות או סיום חוזה,נדחה,1
2024/04,מספקים וירטואליים,תחרות באספקה,לא ביתי,בעיות במילוי בקשת הניוד,המונה שהוגש לא קיים תחת החוזה,נדחה,117
2024/04,מספקים וירטואליים,תחרות באספקה,לא ביתי,בעיות במילוי בקשת הניוד,חוזה זה כבר קיים למספק זה,נדחה,38
2024/04,מספקים וירטואליים,תחרות באספקה,לא ביתי,אחר,חשבון חוזה לא קיים - מספר לא תקין,נדחה,4
2024/04,מספקים וירטואליים,תחרות באספקה,לא ביתי,ייפוי כוח חסר/לא תקין,ייפוי הכוח לא נחתם,נדחה,15
2024/04,מספקים וירטואליים,תחרות באספקה,לא ביתי,בעיות במילוי בקשת הניוד,לא כל שדות החובה הוגשו,נדחה,1
2024/04,מספקים וירטואליים,תחרות באספקה,לא ביתי,בעיות תקשורת במונה,לפחות אחד המונים אינו בר ניוד,נדחה,38
2024/04,מספקים וירטואליים,תחרות באספקה,לא ביתי,בעיות תקשורת במונה,לפחות אחד המונים בעל קריאה מרחוק לא תקינה,נדחה,1
2024/04,מספקים וירטואליים,תחרות באספקה,לא ביתי,בעיות תקשורת במונה,לפחות אחד המונים תחת החוזה אינו בעל יכולת רישום רציף,נדחה,20
2024/04,מספקים וירטואליים,תחרות באספקה,לא ביתי,בעיות תקשורת במונה,לפחות לאחד המונים אין יכולות קריאה מרחוק - יש להפנות את הלקוח למוקד 103 לצורך התקנה,נדחה,2
2024/04,מספקים וירטואליים,תחרות באספקה,לא ביתי,בעיות במילוי בקשת הניוד,מספר זיהוי הלקוח אינו משויך אל חשבון החוזה,נדחה,69
2024/04,מספקים וירטואליים,תחרות באספקה,לא ביתי,אחר,נדחה בשל אי מענה ממשקים,נדחה,14
2024/04,מספקים וירטואליים,תחרות באספקה,לא ביתי,אחר,נחתם ייפוי כוח מאוחר יותר למספק אחר,נדחה,2
2024/04,מספקים וירטואליים,תחרות באספקה,לא ביתי,בעיות במילוי בקשת הניוד,פרטי הזדהות איש קשר לא תקינים,נדחה,1
2024/05,מספקים עם אמצעי ייצור,אסדרה קיימת,ביתי,אושר לניוד,תהליך הניוד הושלם,הושלם,7870
2024/05,מספקים עם אמצעי ייצור,אסדרה קיימת,לא ביתי,אושר לניוד,תהליך הניוד הושלם,הושלם,603
2024/05,מספקים וירטואליים,תחרות באספקה,ביתי,אושר לניוד,תהליך הניוד הושלם,הושלם,3510
2024/05,מספקים וירטואליים,תחרות באספקה,לא ביתי,אושר לניוד,תהליך הניוד הושלם,הושלם,177
2024/05,מספקים עם אמצעי ייצור,אסדרה קיימת,ביתי,אחר,"בוטל ידנית ע""י המספק",נדחה,9
2024/05,מספקים עם אמצעי ייצור,אסדרה קיימת,ביתי,אחר,החלפת לקוחות או סיום חוזה,נדחה,8
2024/05,מספקים עם אמצעי ייצור,אסדרה קיימת,ביתי,ייפוי כוח חסר/לא תקין,ייפוי הכוח לא נחתם,נדחה,6
2024/05,מספקים עם אמצעי ייצור,אסדרה קיימת,ביתי,בעיות תקשורת במונה,לפחות אחד המונים אינו בר ניוד,נדחה,143
2024/05,מספקים עם אמצעי ייצור,אסדרה קיימת,ביתי,בעיות תקשורת במונה,לפחות אחד המונים בעל קריאה מרחוק לא תקינה,נדחה,42
2024/05,מספקים עם אמצעי ייצור,אסדרה קיימת,ביתי,בעיות תקשורת במונה,לפחות אחד המונים תחת החוזה אינו בעל יכולת רישום רציף,נדחה,116
2024/05,מספקים עם אמצעי ייצור,אסדרה קיימת,ביתי,בעיות במילוי בקשת הניוד,מספר זיהוי הלקוח אינו משויך אל חשבון החוזה,נדחה,21
2024/05,מספקים עם אמצעי ייצור,אסדרה קיימת,ביתי,אחר,נויד למספק ברירת מחדל,נדחה,9
2024/05,מספקים עם אמצעי ייצור,אסדרה קיימת,ביתי,אחר,נחתם ייפוי כוח מאוחר יותר למספק אחר,נדחה,45
2024/05,מספקים עם אמצעי ייצור,אסדרה קיימת,לא ביתי,אחר,אי תאימות במונים שהוגשו,נדחה,4
2024/05,מספקים עם אמצעי ייצור,אסדרה קיימת,לא ביתי,אחר,החוזה לא פעיל - יש לקבל מהצרכן חוזה חדש,נדחה,10
2024/05,מספקים עם אמצעי ייצור,אסדרה קיימת,לא ביתי,אחר,החלפת לקוחות או סיום חוזה,נדחה,1
2024/05,מספקים עם אמצעי ייצור,אסדרה קיימת,לא ביתי,בעיות במילוי בקשת הניוד,המונה שהוגש לא קיים תחת החוזה,נדחה,29
2024/05,מספקים עם אמצעי ייצור,אסדרה קיימת,לא ביתי,בעיות במילוי בקשת הניוד,חוזה זה כבר קיים למספק זה,נדחה,4
2024/05,מספקים עם אמצעי ייצור,אסדרה קיימת,לא ביתי,אחר,חשבון חוזה לא קיים - מספר לא תקין,נדחה,6
2024/05,מספקים עם אמצעי ייצור,אסדרה קיימת,לא ביתי,ייפוי כוח חסר/לא תקין,ייפוי הכוח לא נחתם,נדחה,5
2024/05,מספקים עם אמצעי ייצור,אסדרה קיימת,לא ביתי,בעיות במילוי בקשת הניוד,לא כל שדות החובה הוגשו,נדחה,6
2024/05,מספקים עם אמצעי ייצור,אסדרה קיימת,לא ביתי,בעיות תקשורת במונה,לפחות אחד המונים אינו בר ניוד,נדחה,491
2024/05,מספקים עם אמצעי ייצור,אסדרה קיימת,לא ביתי,בעיות תקשורת במונה,לפחות אחד המונים בעל קריאה מרחוק לא תקינה,נדחה,8
2024/05,מספקים עם אמצעי ייצור,אסדרה קיימת,לא ביתי,בעיות תקשורת במונה,לפחות אחד המונים תחת החוזה אינו בעל יכולת רישום רציף,נדחה,424
2024/05,מספקים עם אמצעי ייצור,אסדרה קיימת,לא ביתי,בעיות תקשורת במונה,לפחות לאחד המונים אין יכולות קריאה מרחוק - יש להפנות את הלקוח למוקד 103 לצורך התקנה,נדחה,7
2024/05,מספקים עם אמצעי ייצור,אסדרה קיימת,לא ביתי,בעיות במילוי בקשת הניוד,מספר זיהוי הלקוח אינו משויך אל חשבון החוזה,נדחה,9
2024/05,מספקים עם אמצעי ייצור,אסדרה קיימת,לא ביתי,אחר,נדחה בשל אי מענה ממשקים,נדחה,9
2024/05,מספקים עם אמצעי ייצור,אסדרה קיימת,לא ביתי,אחר,נחתם ייפוי כוח מאוחר יותר למספק אחר,נדחה,1
2024/05,מספקים עם אמצעי ייצור,אסדרה קיימת,לא ביתי,אחר,"נסגר ידנית ע""י נגה",נדחה,1
2024/05,מספקים עם אמצעי ייצור,אסדרה קיימת,לא ביתי,בעיות במילוי בקשת הניוד,תאריך מבוקש לניוד לא תקין,נדחה,4
2024/05,מספקים וירטואליים,תחרות באספקה,ביתי,אחר,"בוטל ידנית ע""י המספק",נדחה,832
2024/05,מספקים וירטואליים,תחרות באספקה,ביתי,אחר,החלפת לקוחות או סיום חוזה,נדחה,13
2024/05,מספקים וירטואליים,תחרות באספקה,ביתי,ייפוי כוח חסר/לא תקין,ייפוי הכוח לא נחתם,נדחה,1
2024/05,מספקים וירטואליים,תחרות באספקה,ביתי,בעיות במילוי בקשת הניוד,לא כל שדות החובה הוגשו,נדחה,1
2024/05,מספקים וירטואליים,תחרות באספקה,ביתי,בעיות תקשורת במונה,לפחות אחד המונים אינו בר ניוד,נדחה,403
2024/05,מספקים וירטואליים,תחרות באספקה,ביתי,בעיות תקשורת במונה,לפחות אחד המונים בעל קריאה מרחוק לא תקינה,נדחה,52
2024/05,מספקים וירטואליים,תחרות באספקה,ביתי,בעיות תקשורת במונה,לפחות אחד המונים תחת החוזה אינו בעל יכולת רישום רציף,נדחה,36
2024/05,מספקים וירטואליים,תחרות באספקה,ביתי,בעיות במילוי בקשת הניוד,מספר זיהוי הלקוח אינו משויך אל חשבון החוזה,נדחה,185
2024/05,מספקים וירטואליים,תחרות באספקה,ביתי,אחר,נדחה בשל אי מענה ממשקים,נדחה,1
2024/05,מספקים וירטואליים,תחרות באספקה,ביתי,אחר,נחתם ייפוי כוח מאוחר יותר למספק אחר,נדחה,23
2024/05,מספקים וירטואליים,תחרות באספקה,לא ביתי,אחר,אי תאימות במונים שהוגשו,נדחה,1
2024/05,מספקים וירטואליים,תחרות באספקה,לא ביתי,בעיות במילוי בקשת הניוד,איש הקשר של המספק אינו מורשה חתימה,נדחה,3
2024/05,מספקים וירטואליים,תחרות באספקה,לא ביתי,אחר,"בוטל ידנית ע""י המספק",נדחה,86
2024/05,מספקים וירטואליים,תחרות באספקה,לא ביתי,אחר,בחוזה קיים מונה ייצור במתח עליון - לא ניתן לנייד למספק,נדחה,1
2024/05,מספקים וירטואליים,תחרות באספקה,לא ביתי,אחר,החוזה לא פעיל - יש לקבל מהצרכן חוזה חדש,נדחה,31
2024/05,מספקים וירטואליים,תחרות באספקה,לא ביתי,בעיות במילוי בקשת הניוד,המונה שהוגש לא קיים תחת החוזה,נדחה,2
2024/05,מספקים וירטואליים,תחרות באספקה,לא ביתי,בעיות במילוי בקשת הניוד,חוזה זה כבר קיים למספק זה,נדחה,21
2024/05,מספקים וירטואליים,תחרות באספקה,לא ביתי,אחר,חשבון חוזה לא קיים - מספר לא תקין,נדחה,1
2024/05,מספקים וירטואליים,תחרות באספקה,לא ביתי,ייפוי כוח חסר/לא תקין,ייפוי הכוח לא נחתם,נדחה,6
2024/05,מספקים וירטואליים,תחרות באספקה,לא ביתי,בעיות במילוי בקשת הניוד,לא כל שדות החובה הוגשו,נדחה,8
2024/05,מספקים וירטואליים,תחרות באספקה,לא ביתי,בעיות תקשורת במונה,לפחות אחד המונים אינו בר ניוד,נדחה,23
2024/05,מספקים וירטואליים,תחרות באספקה,לא ביתי,בעיות תקשורת במונה,לפחות אחד המונים בעל קריאה מרחוק לא תקינה,נדחה,1
2024/05,מספקים וירטואליים,תחרות באספקה,לא ביתי,בעיות תקשורת במונה,לפחות אחד המונים תחת החוזה אינו בעל יכולת רישום רציף,נדחה,3
2024/05,מספקים וירטואליים,תחרות באספקה,לא ביתי,בעיות תקשורת במונה,לפחות לאחד המונים אין יכולות קריאה מרחוק - יש להפנות את הלקוח למוקד 103 לצורך התקנה,נדחה,1
2024/05,מספקים וירטואליים,תחרות באספקה,לא ביתי,בעיות במילוי בקשת הניוד,מספר זיהוי הלקוח אינו משויך אל חשבון החוזה,נדחה,65
2024/05,מספקים וירטואליים,תחרות באספקה,לא ביתי,אחר,נדחה בשל אי מענה ממשקים,נדחה,33
2024/05,מספקים וירטואליים,תחרות באספקה,לא ביתי,בעיות במילוי בקשת הניוד,תאריך מבוקש לניוד לא תקין,נדחה,1
2024/06,מספקים עם אמצעי ייצור,אסדרה קיימת,ביתי,אושר לניוד,תהליך הניוד הושלם,הושלם,18551
2024/06,מספקים עם אמצעי ייצור,אסדרה קיימת,ביתי,אושר לניוד,תהליך ניוד הושלם,הושלם,50
2024/06,מספקים עם אמצעי ייצור,אסדרה קיימת,לא ביתי,אושר לניוד,תהליך הניוד הושלם,הושלם,658
2024/06,מספקים וירטואליים,תחרות באספקה,ביתי,אושר לניוד,תהליך הניוד הושלם,הושלם,529
2024/06,מספקים וירטואליים,תחרות באספקה,לא ביתי,אושר לניוד,תהליך הניוד הושלם,הושלם,739
2024/06,מספקים וירטואליים,תחרות באספקה,לא ביתי,אושר לניוד,תהליך ניוד הושלם,הושלם,1
2024/06,מספקים עם אמצעי ייצור,אסדרה קיימת,ביתי,אחר,"בוטל ידנית ע""י המספק",נדחה,943
2024/06,מספקים עם אמצעי ייצור,אסדרה קיימת,ביתי,אחר,החוזה לא פעיל - יש לקבל מהצרכן חוזה חדש,נדחה,1
2024/06,מספקים עם אמצעי ייצור,אסדרה קיימת,ביתי,אחר,החלפת לקוחות או סיום חוזה,נדחה,50
2024/06,מספקים עם אמצעי ייצור,אסדרה קיימת,ביתי,בעיות במילוי בקשת הניוד,המונה שהוגש לא קיים תחת החוזה,נדחה,6
2024/06,מספקים עם אמצעי ייצור,אסדרה קיימת,ביתי,ייפוי כוח חסר/לא תקין,ייפוי הכוח לא נחתם,נדחה,21
2024/06,מספקים עם אמצעי ייצור,אסדרה קיימת,ביתי,בעיות במילוי בקשת הניוד,לא כל מוני החוזה הוגשו,נדחה,2
2024/06,מספקים עם אמצעי ייצור,אסדרה קיימת,ביתי,בעיות תקשורת במונה,לפחות אחד המונים אינו בר ניוד,נדחה,332
2024/06,מספקים עם אמצעי ייצור,אסדרה קיימת,ביתי,בעיות תקשורת במונה,לפחות אחד המונים בעל קריאה מרחוק לא תקינה,נדחה,471
2024/06,מספקים עם אמצעי ייצור,אסדרה קיימת,ביתי,בעיות תקשורת במונה,לפחות אחד המונים תחת החוזה אינו בעל יכולת רישום רציף,נדחה,711
2024/06,מספקים עם אמצעי ייצור,אסדרה קיימת,ביתי,בעיות במילוי בקשת הניוד,מספר זיהוי הלקוח אינו משויך אל חשבון החוזה,נדחה,31
2024/06,מספקים עם אמצעי ייצור,אסדרה קיימת,ביתי,אחר,נדחה בשל אי מענה ממשקים,נדחה,8
2024/06,מספקים עם אמצעי ייצור,אסדרה קיימת,ביתי,אחר,נויד למספק ברירת מחדל,נדחה,78
2024/06,מספקים עם אמצעי ייצור,אסדרה קיימת,ביתי,אחר,נחתם ייפוי כוח מאוחר יותר למספק אחר,נדחה,439
2024/06,מספקים עם אמצעי ייצור,אסדרה קיימת,לא ביתי,אחר,אי תאימות במונים שהוגשו,נדחה,110
2024/06,מספקים עם אמצעי ייצור,אסדרה קיימת,לא ביתי,אחר,"בוטל ידנית ע""י המספק",נדחה,35
2024/06,מספקים עם אמצעי ייצור,אסדרה קיימת,לא ביתי,אחר,החוזה לא פעיל - יש לקבל מהצרכן חוזה חדש,נדחה,35
2024/06,מספקים עם אמצעי ייצור,אסדרה קיימת,לא ביתי,אחר,החלפת לקוחות או סיום חוזה,נדחה,2
2024/06,מספקים עם אמצעי ייצור,אסדרה קיימת,לא ביתי,בעיות במילוי בקשת הניוד,המונה שהוגש לא קיים תחת החוזה,נדחה,58
2024/06,מספקים עם אמצעי ייצור,אסדרה קיימת,לא ביתי,בעיות במילוי בקשת הניוד,חוזה זה כבר קיים למספק זה,נדחה,16
2024/06,מספקים עם אמצעי ייצור,אסדרה קיימת,לא ביתי,אחר,חשבון חוזה לא קיים - מספר לא תקין,נדחה,4
2024/06,מספקים עם אמצעי ייצור,אסדרה קיימת,לא ביתי,ייפוי כוח חסר/לא תקין,ייפוי הכוח לא נחתם,נדחה,9
2024/06,מספקים עם אמצעי ייצור,אסדרה קיימת,לא ביתי,בעיות במילוי בקשת הניוד,לא כל שדות החובה הוגשו,נדחה,20
2024/06,מספקים עם אמצעי ייצור,אסדרה קיימת,לא ביתי,בעיות תקשורת במונה,לפחות אחד המונים אינו בר ניוד,נדחה,42
2024/06,מספקים עם אמצעי ייצור,אסדרה קיימת,לא ביתי,בעיות תקשורת במונה,לפחות אחד המונים בעל קריאה מרחוק לא תקינה,נדחה,16
2024/06,מספקים עם אמצעי ייצור,אסדרה קיימת,לא ביתי,בעיות תקשורת במונה,לפחות אחד המונים תחת החוזה אינו בעל יכולת רישום רציף,נדחה,32
2024/06,מספקים עם אמצעי ייצור,אסדרה קיימת,לא ביתי,בעיות תקשורת במונה,לפחות לאחד המונים אין יכולות קריאה מרחוק - יש להפנות את הלקוח למוקד 103 לצורך התקנה,נדחה,1
2024/06,מספקים עם אמצעי ייצור,אסדרה קיימת,לא ביתי,בעיות במילוי בקשת הניוד,מספר זיהוי הלקוח אינו משויך אל חשבון החוזה,נדחה,52
2024/06,מספקים עם אמצעי ייצור,אסדרה קיימת,לא ביתי,אחר,נדחה בשל אי מענה ממשקים,נדחה,15
2024/06,מספקים עם אמצעי ייצור,אסדרה קיימת,לא ביתי,אחר,נחתם ייפוי כוח מאוחר יותר למספק אחר,נדחה,15
2024/06,מספקים וירטואליים,תחרות באספקה,ביתי,אחר,"בוטל ידנית ע""י המספק",נדחה,21
2024/06,מספקים וירטואליים,תחרות באספקה,ביתי,אחר,החלפת לקוחות או סיום חוזה,נדחה,5
2024/06,מספקים וירטואליים,תחרות באספקה,ביתי,ייפוי כוח חסר/לא תקין,ייפוי הכוח לא נחתם,נדחה,4
2024/06,מספקים וירטואליים,תחרות באספקה,ביתי,בעיות תקשורת במונה,לפחות אחד המונים אינו בר ניוד,נדחה,20
2024/06,מספקים וירטואליים,תחרות באספקה,ביתי,בעיות תקשורת במונה,לפחות אחד המונים בעל קריאה מרחוק לא תקינה,נדחה,35
2024/06,מספקים וירטואליים,תחרות באספקה,ביתי,בעיות במילוי בקשת הניוד,מספר זיהוי הלקוח אינו משויך אל חשבון החוזה,נדחה,1
2024/06,מספקים וירטואליים,תחרות באספקה,ביתי,אחר,נחתם ייפוי כוח מאוחר יותר למספק אחר,נדחה,7
2024/06,מספקים וירטואליים,תחרות באספקה,לא ביתי,אחר,"בוטל ידנית ע""י המספק",נדחה,168
2024/06,מספקים וירטואליים,תחרות באספקה,לא ביתי,אחר,בחוזה קיים מונה ייצור במתח עליון - לא ניתן לנייד למספק,נדחה,1
2024/06,מספקים וירטואליים,תחרות באספקה,לא ביתי,אחר,החוזה לא פעיל - יש לקבל מהצרכן חוזה חדש,נדחה,2
2024/06,מספקים וירטואליים,תחרות באספקה,לא ביתי,אחר,החלפת לקוחות או סיום חוזה,נדחה,1
2024/06,מספקים וירטואליים,תחרות באספקה,לא ביתי,בעיות במילוי בקשת הניוד,המונה שהוגש לא קיים תחת החוזה,נדחה,2
2024/06,מספקים וירטואליים,תחרות באספקה,לא ביתי,בעיות במילוי בקשת הניוד,חוזה זה כבר קיים למספק זה,נדחה,7
2024/06,מספקים וירטואליים,תחרות באספקה,לא ביתי,אחר,חשבון חוזה לא קיים - מספר לא תקין,נדחה,1
2024/06,מספקים וירטואליים,תחרות באספקה,לא ביתי,ייפוי כוח חסר/לא תקין,ייפוי הכוח לא נחתם,נדחה,12
2024/06,מספקים וירטואליים,תחרות באספקה,לא ביתי,בעיות תקשורת במונה,לפחות אחד המונים אינו בר ניוד,נדחה,5
2024/06,מספקים וירטואליים,תחרות באספקה,לא ביתי,בעיות תקשורת במונה,לפחות אחד המונים בעל קריאה מרחוק לא תקינה,נדחה,7
2024/06,מספקים וירטואליים,תחרות באספקה,לא ביתי,אחר,"לפחות אחד המונים בתהליך הקמה במערכות חח""י",נדחה,4
2024/06,מספקים וירטואליים,תחרות באספקה,לא ביתי,בעיות תקשורת במונה,לפחות לאחד המונים אין יכולות קריאה מרחוק - יש להפנות את הלקוח למוקד 103 לצורך התקנה,נדחה,6
2024/06,מספקים וירטואליים,תחרות באספקה,לא ביתי,בעיות במילוי בקשת הניוד,מספר זיהוי הלקוח אינו משויך אל חשבון החוזה,נדחה,9
2024/06,מספקים וירטואליים,תחרות באספקה,לא ביתי,אחר,נדחה בשל אי מענה ממשקים,נדחה,2
2024/07,מספקים עם אמצעי ייצור,אסדרה קיימת,ביתי,אושר לניוד,תהליך הניוד הושלם,הושלם,7154
2024/07,מספקים עם אמצעי ייצור,אסדרה קיימת,לא ביתי,אושר לניוד,תהליך הניוד הושלם,הושלם,796
2024/07,מספקים וירטואליים,תחרות באספקה,ביתי,אושר לניוד,תהליך הניוד הושלם,הושלם,1127
2024/07,מספקים וירטואליים,תחרות באספקה,לא ביתי,אושר לניוד,תהליך הניוד הושלם,הושלם,882
2024/07,מספקים עם אמצעי ייצור,אסדרה קיימת,ביתי,אחר,"בוטל ידנית ע""י המספק",נדחה,34
2024/07,מספקים עם אמצעי ייצור,אסדרה קיימת,ביתי,אחר,החלפת לקוחות או סיום חוזה,נדחה,17
2024/07,מספקים עם אמצעי ייצור,אסדרה קיימת,ביתי,בעיות במילוי בקשת הניוד,חוזה זה כבר קיים למספק זה,נדחה,3
2024/07,מספקים עם אמצעי ייצור,אסדרה קיימת,ביתי,ייפוי כוח חסר/לא תקין,ייפוי הכוח לא נחתם,נדחה,22
2024/07,מספקים עם אמצעי ייצור,אסדרה קיימת,ביתי,בעיות במילוי בקשת הניוד,לא כל מוני החוזה הוגשו,נדחה,4
2024/07,מספקים עם אמצעי ייצור,אסדרה קיימת,ביתי,בעיות תקשורת במונה,לפחות אחד המונים אינו בר ניוד,נדחה,587
2024/07,מספקים עם אמצעי ייצור,אסדרה קיימת,ביתי,בעיות תקשורת במונה,לפחות אחד המונים בעל קריאה מרחוק לא תקינה,נדחה,86
2024/07,מספקים עם אמצעי ייצור,אסדרה קיימת,ביתי,בעיות תקשורת במונה,לפחות אחד המונים תחת החוזה אינו בעל יכולת רישום רציף,נדחה,522
2024/07,מספקים עם אמצעי ייצור,אסדרה קיימת,ביתי,בעיות תקשורת במונה,לפחות לאחד המונים אין יכולות קריאה מרחוק - יש להפנות את הלקוח למוקד 103 לצורך התקנה,נדחה,2
2024/07,מספקים עם אמצעי ייצור,אסדרה קיימת,ביתי,בעיות במילוי בקשת הניוד,מספר זיהוי הלקוח אינו משויך אל חשבון החוזה,נדחה,111
2024/07,מספקים עם אמצעי ייצור,אסדרה קיימת,ביתי,אחר,נדחה בשל אי מענה ממשקים,נדחה,2
2024/07,מספקים עם אמצעי ייצור,אסדרה קיימת,ביתי,אחר,נחתם ייפוי כוח מאוחר יותר למספק אחר,נדחה,55
2024/07,מספקים עם אמצעי ייצור,אסדרה קיימת,לא ביתי,אחר,אי תאימות במונים שהוגשו,נדחה,3
2024/07,מספקים עם אמצעי ייצור,אסדרה קיימת,לא ביתי,אחר,"בוטל ידנית ע""י המספק",נדחה,4
2024/07,מספקים עם אמצעי ייצור,אסדרה קיימת,לא ביתי,אחר,החוזה לא פעיל - יש לקבל מהצרכן חוזה חדש,נדחה,48
2024/07,מספקים עם אמצעי ייצור,אסדרה קיימת,לא ביתי,בעיות במילוי בקשת הניוד,המונה שהוגש לא קיים תחת החוזה,נדחה,136
2024/07,מספקים עם אמצעי ייצור,אסדרה קיימת,לא ביתי,בעיות במילוי בקשת הניוד,חוזה זה כבר קיים למספק זה,נדחה,34
2024/07,מספקים עם אמצעי ייצור,אסדרה קיימת,לא ביתי,אחר,חשבון חוזה לא קיים - מספר לא תקין,נדחה,11
2024/07,מספקים עם אמצעי ייצור,אסדרה קיימת,לא ביתי,ייפוי כוח חסר/לא תקין,ייפוי הכוח לא נחתם,נדחה,39
2024/07,מספקים עם אמצעי ייצור,אסדרה קיימת,לא ביתי,בעיות במילוי בקשת הניוד,לא כל שדות החובה הוגשו,נדחה,30
2024/07,מספקים עם אמצעי ייצור,אסדרה קיימת,לא ביתי,בעיות תקשורת במונה,לפחות אחד המונים אינו בר ניוד,נדחה,14
2024/07,מספקים עם אמצעי ייצור,אסדרה קיימת,לא ביתי,בעיות תקשורת במונה,לפחות אחד המונים תחת החוזה אינו בעל יכולת רישום רציף,נדחה,11
2024/07,מספקים עם אמצעי ייצור,אסדרה קיימת,לא ביתי,בעיות תקשורת במונה,לפחות לאחד המונים אין יכולות קריאה מרחוק - יש להפנות את הלקוח למוקד 103 לצורך התקנה,נדחה,2
2024/07,מספקים עם אמצעי ייצור,אסדרה קיימת,לא ביתי,בעיות במילוי בקשת הניוד,מספר זיהוי הלקוח אינו משויך אל חשבון החוזה,נדחה,52
2024/07,מספקים עם אמצעי ייצור,אסדרה קיימת,לא ביתי,אחר,נדחה בשל אי מענה ממשקים,נדחה,9
2024/07,מספקים עם אמצעי ייצור,אסדרה קיימת,לא ביתי,אחר,נחתם ייפוי כוח מאוחר יותר למספק אחר,נדחה,3
2024/07,מספקים עם אמצעי ייצור,אסדרה קיימת,לא ביתי,בעיות במילוי בקשת הניוד,תאריך מבוקש לניוד לא תקין,נדחה,3
2024/07,מספקים וירטואליים,תחרות באספקה,ביתי,אחר,"בוטל ידנית ע""י המספק",נדחה,18
2024/07,מספקים וירטואליים,תחרות באספקה,ביתי,אחר,החלפת לקוחות או סיום חוזה,נדחה,2
2024/07,מספקים וירטואליים,תחרות באספקה,ביתי,ייפוי כוח חסר/לא תקין,ייפוי הכוח לא נחתם,נדחה,2
2024/07,מספקים וירטואליים,תחרות באספקה,ביתי,בעיות תקשורת במונה,לפחות אחד המונים אינו בר ניוד,נדחה,48
2024/07,מספקים וירטואליים,תחרות באספקה,ביתי,בעיות תקשורת במונה,לפחות אחד המונים בעל קריאה מרחוק לא תקינה,נדחה,17
2024/07,מספקים וירטואליים,תחרות באספקה,ביתי,בעיות במילוי בקשת הניוד,מספר זיהוי הלקוח אינו משויך אל חשבון החוזה,נדחה,2
2024/07,מספקים וירטואליים,תחרות באספקה,ביתי,אחר,נחתם ייפוי כוח מאוחר יותר למספק אחר,נדחה,16
2024/07,מספקים וירטואליים,תחרות באספקה,לא ביתי,אחר,אי תאימות במונים שהוגשו,נדחה,3
2024/07,מספקים וירטואליים,תחרות באספקה,לא ביתי,אחר,"בוטל ידנית ע""י המספק",נדחה,12
2024/07,מספקים וירטואליים,תחרות באספקה,לא ביתי,אחר,החוזה לא פעיל - יש לקבל מהצרכן חוזה חדש,נדחה,11
2024/07,מספקים וירטואליים,תחרות באספקה,לא ביתי,אחר,החלפת לקוחות או סיום חוזה,נדחה,1
2024/07,מספקים וירטואליים,תחרות באספקה,לא ביתי,בעיות במילוי בקשת הניוד,המונה שהוגש לא קיים תחת החוזה,נדחה,13
2024/07,מספקים וירטואליים,תחרות באספקה,לא ביתי,בעיות במילוי בקשת הניוד,חוזה זה כבר קיים למספק זה,נדחה,40
2024/07,מספקים וירטואליים,תחרות באספקה,לא ביתי,אחר,חשבון חוזה לא קיים - מספר לא תקין,נדחה,3
2024/07,מספקים וירטואליים,תחרות באספקה,לא ביתי,ייפוי כוח חסר/לא תקין,ייפוי הכוח לא נחתם,נדחה,8
2024/07,מספקים וירטואליים,תחרות באספקה,לא ביתי,בעיות תקשורת במונה,לפחות אחד המונים אינו בר ניוד,נדחה,2
2024/07,מספקים וירטואליים,תחרות באספקה,לא ביתי,בעיות במילוי בקשת הניוד,מספר זיהוי הלקוח אינו משויך אל חשבון החוזה,נדחה,14
2024/07,מספקים וירטואליים,תחרות באספקה,לא ביתי,אחר,נדחה בשל אי מענה ממשקים,נדחה,5
2024/07,מספקים וירטואליים,תחרות באספקה,לא ביתי,אחר,"נסגר ידנית ע""י נגה",נדחה,1
2024/07,מספקים וירטואליים,תחרות באספקה,לא ביתי,בעיות במילוי בקשת הניוד,תאריך מבוקש לניוד לא תקין,נדחה,77
2024/08,מספקים עם אמצעי ייצור,אסדרה קיימת,ביתי,אושר לניוד,תהליך הניוד הושלם,הושלם,7618
2024/08,מספקים עם אמצעי ייצור,אסדרה קיימת,ביתי,אושר לניוד,תהליך ניוד הושלם,הושלם,10
2024/08,מספקים עם אמצעי ייצור,אסדרה קיימת,לא ביתי,אושר לניוד,תהליך הניוד הושלם,הושלם,276
2024/08,מספקים וירטואליים,תחרות באספקה,ביתי,אושר לניוד,תהליך הניוד הושלם,הושלם,2336
2024/08,מספקים וירטואליים,תחרות באספקה,ביתי,אושר לניוד,תהליך ניוד הושלם,הושלם,1
2024/08,מספקים וירטואליים,תחרות באספקה,לא ביתי,אושר לניוד,תהליך הניוד הושלם,הושלם,365
2024/08,מספקים עם אמצעי ייצור,אסדרה קיימת,ביתי,אחר,"בוטל ידנית ע""י המספק",נדחה,46
2024/08,מספקים עם אמצעי ייצור,אסדרה קיימת,ביתי,אחר,החוזה לא פעיל - יש לקבל מהצרכן חוזה חדש,נדחה,1
2024/08,מספקים עם אמצעי ייצור,אסדרה קיימת,ביתי,אחר,החלפת לקוחות או סיום חוזה,נדחה,27
2024/08,מספקים עם אמצעי ייצור,אסדרה קיימת,ביתי,ייפוי כוח חסר/לא תקין,ייפוי הכוח לא נחתם,נדחה,29
2024/08,מספקים עם אמצעי ייצור,אסדרה קיימת,ביתי,בעיות במילוי בקשת הניוד,לא כל מוני החוזה הוגשו,נדחה,2
2024/08,מספקים עם אמצעי ייצור,אסדרה קיימת,ביתי,בעיות תקשורת במונה,לפחות אחד המונים אינו בר ניוד,נדחה,435
2024/08,מספקים עם אמצעי ייצור,אסדרה קיימת,ביתי,בעיות תקשורת במונה,לפחות אחד המונים בעל קריאה מרחוק לא תקינה,נדחה,154
2024/08,מספקים עם אמצעי ייצור,אסדרה קיימת,ביתי,בעיות תקשורת במונה,לפחות אחד המונים תחת החוזה אינו בעל יכולת רישום רציף,נדחה,941
2024/08,מספקים עם אמצעי ייצור,אסדרה קיימת,ביתי,בעיות תקשורת במונה,לפחות לאחד המונים אין יכולות קריאה מרחוק - יש להפנות את הלקוח למוקד 103 לצורך התקנה,נדחה,3
2024/08,מספקים עם אמצעי ייצור,אסדרה קיימת,ביתי,בעיות במילוי בקשת הניוד,מספר זיהוי הלקוח אינו משויך אל חשבון החוזה,נדחה,233
2024/08,מספקים עם אמצעי ייצור,אסדרה קיימת,ביתי,אחר,נויד למספק ברירת מחדל,נדחה,7
2024/08,מספקים עם אמצעי ייצור,אסדרה קיימת,ביתי,אחר,נחתם ייפוי כוח מאוחר יותר למספק אחר,נדחה,71
2024/08,מספקים עם אמצעי ייצור,אסדרה קיימת,לא ביתי,אחר,"בוטל ידנית ע""י המספק",נדחה,57
2024/08,מספקים עם אמצעי ייצור,אסדרה קיימת,לא ביתי,אחר,החוזה לא פעיל - יש לקבל מהצרכן חוזה חדש,נדחה,82
2024/08,מספקים עם אמצעי ייצור,אסדרה קיימת,לא ביתי,בעיות במילוי בקשת הניוד,המונה שהוגש לא קיים תחת החוזה,נדחה,173
2024/08,מספקים עם אמצעי ייצור,אסדרה קיימת,לא ביתי,בעיות במילוי בקשת הניוד,חוזה זה כבר קיים למספק זה,נדחה,59
2024/08,מספקים עם אמצעי ייצור,אסדרה קיימת,לא ביתי,אחר,חשבון חוזה לא קיים - מספר לא תקין,נדחה,9
2024/08,מספקים עם אמצעי ייצור,אסדרה קיימת,לא ביתי,בעיות במילוי בקשת הניוד,לא כל מוני החוזה הוגשו,נדחה,1
2024/08,מספקים עם אמצעי ייצור,אסדרה קיימת,לא ביתי,אחר,לא ניתן לנייד מונה ייצור בסימן ז'2 למספק בעל אמצעי ייצור,נדחה,2
2024/08,מספקים עם אמצעי ייצור,אסדרה קיימת,לא ביתי,בעיות תקשורת במונה,לפחות אחד המונים אינו בר ניוד,נדחה,44
2024/08,מספקים עם אמצעי ייצור,אסדרה קיימת,לא ביתי,בעיות תקשורת במונה,לפחות אחד המונים בעל קריאה מרחוק לא תקינה,נדחה,2
2024/08,מספקים עם אמצעי ייצור,אסדרה קיימת,לא ביתי,בעיות תקשורת במונה,לפחות אחד המונים תחת החוזה אינו בעל יכולת רישום רציף,נדחה,23
2024/08,מספקים עם אמצעי ייצור,אסדרה קיימת,לא ביתי,בעיות במילוי בקשת הניוד,מספר זיהוי הלקוח אינו משויך אל חשבון החוזה,נדחה,67
2024/08,מספקים עם אמצעי ייצור,אסדרה קיימת,לא ביתי,אחר,נדחה בשל אי מענה ממשקים,נדחה,7
2024/08,מספקים עם אמצעי ייצור,אסדרה קיימת,לא ביתי,בעיות במילוי בקשת הניוד,פרטי הזדהות איש קשר לא תקינים,נדחה,1
2024/08,מספקים עם אמצעי ייצור,אסדרה קיימת,לא ביתי,בעיות במילוי בקשת הניוד,תאריך מבוקש לניוד לא תקין,נדחה,7
2024/08,מספקים וירטואליים,תחרות באספקה,ביתי,אחר,"בוטל ידנית ע""י המספק",נדחה,8
2024/08,מספקים וירטואליים,תחרות באספקה,ביתי,אחר,החלפת לקוחות או סיום חוזה,נדחה,6
2024/08,מספקים וירטואליים,תחרות באספקה,ביתי,ייפוי כוח חסר/לא תקין,ייפוי הכוח לא נחתם,נדחה,49
2024/08,מספקים וירטואליים,תחרות באספקה,ביתי,בעיות במילוי בקשת הניוד,לא כל מוני החוזה הוגשו,נדחה,1
2024/08,מספקים וירטואליים,תחרות באספקה,ביתי,בעיות תקשורת במונה,לפחות אחד המונים אינו בר ניוד,נדחה,32
2024/08,מספקים וירטואליים,תחרות באספקה,ביתי,בעיות תקשורת במונה,לפחות אחד המונים בעל קריאה מרחוק לא תקינה,נדחה,35
2024/08,מספקים וירטואליים,תחרות באספקה,ביתי,בעיות במילוי בקשת הניוד,מספר זיהוי הלקוח אינו משויך אל חשבון החוזה,נדחה,4
2024/08,מספקים וירטואליים,תחרות באספקה,ביתי,אחר,נויד למספק ברירת מחדל,נדחה,1
2024/08,מספקים וירטואליים,תחרות באספקה,ביתי,אחר,נחתם ייפוי כוח מאוחר יותר למספק אחר,נדחה,8
2024/08,מספקים וירטואליים,תחרות באספקה,לא ביתי,אחר,אי תאימות במונים שהוגשו,נדחה,1
2024/08,מספקים וירטואליים,תחרות באספקה,לא ביתי,אחר,"בוטל ידנית ע""י המספק",נדחה,27
2024/08,מספקים וירטואליים,תחרות באספקה,לא ביתי,אחר,החוזה לא פעיל - יש לקבל מהצרכן חוזה חדש,נדחה,5
2024/08,מספקים וירטואליים,תחרות באספקה,לא ביתי,אחר,החלפת לקוחות או סיום חוזה,נדחה,2
2024/08,מספקים וירטואליים,תחרות באספקה,לא ביתי,בעיות במילוי בקשת הניוד,המונה שהוגש לא קיים תחת החוזה,נדחה,20
2024/08,מספקים וירטואליים,תחרות באספקה,לא ביתי,בעיות במילוי בקשת הניוד,חוזה זה כבר קיים למספק זה,נדחה,31
2024/08,מספקים וירטואליים,תחרות באספקה,לא ביתי,ייפוי כוח חסר/לא תקין,ייפוי הכוח לא נחתם,נדחה,6
2024/08,מספקים וירטואליים,תחרות באספקה,לא ביתי,בעיות תקשורת במונה,לפחות אחד המונים אינו בר ניוד,נדחה,6
2024/08,מספקים וירטואליים,תחרות באספקה,לא ביתי,בעיות תקשורת במונה,לפחות אחד המונים בעל קריאה מרחוק לא תקינה,נדחה,2
2024/08,מספקים וירטואליים,תחרות באספקה,לא ביתי,בעיות תקשורת במונה,לפחות אחד המונים תחת החוזה אינו בעל יכולת רישום רציף,נדחה,1
2024/08,מספקים וירטואליים,תחרות באספקה,לא ביתי,בעיות במילוי בקשת הניוד,מספר זיהוי הלקוח אינו משויך אל חשבון החוזה,נדחה,12
2024/08,מספקים וירטואליים,תחרות באספקה,לא ביתי,אחר,נדחה בשל אי מענה ממשקים,נדחה,5
2024/08,מספקים וירטואליים,תחרות באספקה,לא ביתי,בעיות במילוי בקשת הניוד,תאריך מבוקש לניוד לא תקין,נדחה,4
2024/09,מספקים עם אמצעי ייצור,אסדרה קיימת,ביתי,אושר לניוד,תהליך הניוד הושלם,הושלם,8450
2024/09,מספקים עם אמצעי ייצור,אסדרה קיימת,לא ביתי,אושר לניוד,תהליך הניוד הושלם,הושלם,739
2024/09,מספקים וירטואליים,תחרות באספקה,ביתי,אושר לניוד,תהליך הניוד הושלם,הושלם,15249
2024/09,מספקים וירטואליים,תחרות באספקה,לא ביתי,אושר לניוד,תהליך הניוד הושלם,הושלם,332
2024/09,מספקים עם אמצעי ייצור,אסדרה קיימת,ביתי,אחר,בדיקות מכסה נכשלו,נדחה,2
2024/09,מספקים עם אמצעי ייצור,אסדרה קיימת,ביתי,אחר,"בוטל ידנית ע""י המספק",נדחה,69
2024/09,מספקים עם אמצעי ייצור,אסדרה קיימת,ביתי,אחר,החוזה לא פעיל - יש לקבל מהצרכן חוזה חדש,נדחה,1
2024/09,מספקים עם אמצעי ייצור,אסדרה קיימת,ביתי,אחר,החלפת לקוחות או סיום חוזה,נדחה,37
2024/09,מספקים עם אמצעי ייצור,אסדרה קיימת,ביתי,בעיות במילוי בקשת הניוד,המונה שהוגש לא קיים תחת החוזה,נדחה,1
2024/09,מספקים עם אמצעי ייצור,אסדרה קיימת,ביתי,ייפוי כוח חסר/לא תקין,ייפוי הכוח לא נחתם,נדחה,19
2024/09,מספקים עם אמצעי ייצור,אסדרה קיימת,ביתי,בעיות במילוי בקשת הניוד,לא התקבלה קריאת מונה תקינה במועד הנדרש לפי אמות המידה,נדחה,70
2024/09,מספקים עם אמצעי ייצור,אסדרה קיימת,ביתי,בעיות במילוי בקשת הניוד,לא כל מוני החוזה הוגשו,נדחה,19
2024/09,מספקים עם אמצעי ייצור,אסדרה קיימת,ביתי,בעיות תקשורת במונה,לפחות אחד המונים אינו בר ניוד,נדחה,139
2024/09,מספקים עם אמצעי ייצור,אסדרה קיימת,ביתי,בעיות תקשורת במונה,לפחות אחד המונים תחת החוזה אינו בעל יכולת רישום רציף,נדחה,1800
2024/09,מספקים עם אמצעי ייצור,אסדרה קיימת,ביתי,בעיות במילוי בקשת הניוד,מספר זיהוי הלקוח אינו משויך אל חשבון החוזה,נדחה,377
2024/09,מספקים עם אמצעי ייצור,אסדרה קיימת,ביתי,אחר,נויד למספק ברירת מחדל,נדחה,1
2024/09,מספקים עם אמצעי ייצור,אסדרה קיימת,ביתי,אחר,נחתם ייפוי כוח מאוחר יותר למספק אחר,נדחה,95
2024/09,מספקים עם אמצעי ייצור,אסדרה קיימת,ביתי,בעיות במילוי בקשת הניוד,ניתן לנייד מונה בסיסי בתעריף ביתי אחיד בלבד,נדחה,29
2024/09,מספקים עם אמצעי ייצור,אסדרה קיימת,ביתי,בעיות במילוי בקשת הניוד,פרטי הזדהות איש קשר לא תקינים,נדחה,13
2024/09,מספקים עם אמצעי ייצור,אסדרה קיימת,לא ביתי,אחר,אי תאימות במונים שהוגשו,נדחה,1
2024/09,מספקים עם אמצעי ייצור,אסדרה קיימת,לא ביתי,אחר,"בוטל ידנית ע""י המספק",נדחה,344
2024/09,מספקים עם אמצעי ייצור,אסדרה קיימת,לא ביתי,אחר,החוזה לא פעיל - יש לקבל מהצרכן חוזה חדש,נדחה,84
2024/09,מספקים עם אמצעי ייצור,אסדרה קיימת,לא ביתי,בעיות במילוי בקשת הניוד,המונה שהוגש לא קיים תחת החוזה,נדחה,276
2024/09,מספקים עם אמצעי ייצור,אסדרה קיימת,לא ביתי,בעיות במילוי בקשת הניוד,חוזה זה כבר קיים למספק זה,נדחה,20
2024/09,מספקים עם אמצעי ייצור,אסדרה קיימת,לא ביתי,אחר,חשבון חוזה לא קיים - מספר לא תקין,נדחה,13
2024/09,מספקים עם אמצעי ייצור,אסדרה קיימת,לא ביתי,ייפוי כוח חסר/לא תקין,ייפוי הכוח לא נחתם,נדחה,9
2024/09,מספקים עם אמצעי ייצור,אסדרה קיימת,לא ביתי,בעיות במילוי בקשת הניוד,לא כל מוני החוזה הוגשו,נדחה,2
2024/09,מספקים עם אמצעי ייצור,אסדרה קיימת,לא ביתי,בעיות תקשורת במונה,לפחות אחד המונים אינו בר ניוד,נדחה,1
2024/09,מספקים עם אמצעי ייצור,אסדרה קיימת,לא ביתי,אחר,"לפחות אחד המונים בתהליך הקמה במערכות חח""י",נדחה,1
2024/09,מספקים עם אמצעי ייצור,אסדרה קיימת,לא ביתי,בעיות במילוי בקשת הניוד,מספר זיהוי הלקוח אינו משויך אל חשבון החוזה,נדחה,182
2024/09,מספקים עם אמצעי ייצור,אסדרה קיימת,לא ביתי,אחר,נדחה בשל אי מענה ממשקים,נדחה,9
2024/09,מספקים עם אמצעי ייצור,אסדרה קיימת,לא ביתי,אחר,נחתם ייפוי כוח מאוחר יותר למספק אחר,נדחה,1
2024/09,מספקים עם אמצעי ייצור,אסדרה קיימת,לא ביתי,בעיות במילוי בקשת הניוד,ניתן לנייד מונה בסיסי בתעריף ביתי אחיד בלבד,נדחה,99
2024/09,מספקים עם אמצעי ייצור,אסדרה קיימת,לא ביתי,בעיות במילוי בקשת הניוד,פרטי הזדהות איש קשר לא תקינים,נדחה,1
2024/09,מספקים וירטואליים,תחרות באספקה,ביתי,אחר,בדיקות מכסה נכשלו,נדחה,6
2024/09,מספקים וירטואליים,תחרות באספקה,ביתי,אחר,"בוטל ידנית ע""י המספק",נדחה,336
2024/09,מספקים וירטואליים,תחרות באספקה,ביתי,אחר,החוזה לא פעיל - יש לקבל מהצרכן חוזה חדש,נדחה,9
2024/09,מספקים וירטואליים,תחרות באספקה,ביתי,אחר,החלפת לקוחות או סיום חוזה,נדחה,70
2024/09,מספקים וירטואליים,תחרות באספקה,ביתי,בעיות במילוי בקשת הניוד,המונה שהוגש לא קיים תחת החוזה,נדחה,20
2024/09,מספקים וירטואליים,תחרות באספקה,ביתי,ייפוי כוח חסר/לא תקין,ייפוי הכוח לא נחתם,נדחה,11
2024/09,מספקים וירטואליים,תחרות באספקה,ביתי,בעיות במילוי בקשת הניוד,לא התקבלה קריאת מונה תקינה במועד הנדרש לפי אמות המידה,נדחה,5876
2024/09,מספקים וירטואליים,תחרות באספקה,ביתי,בעיות במילוי בקשת הניוד,לא כל מוני החוזה הוגשו,נדחה,58
2024/09,מספקים וירטואליים,תחרות באספקה,ביתי,בעיות במילוי בקשת הניוד,לא כל שדות החובה הוגשו,נדחה,74
2024/09,מספקים וירטואליים,תחרות באספקה,ביתי,בעיות תקשורת במונה,לפחות אחד המונים אינו בר ניוד,נדחה,119
2024/09,מספקים וירטואליים,תחרות באספקה,ביתי,בעיות במילוי בקשת הניוד,מספר זיהוי הלקוח אינו משויך אל חשבון החוזה,נדחה,217
2024/09,מספקים וירטואליים,תחרות באספקה,ביתי,אחר,נחתם ייפוי כוח מאוחר יותר למספק אחר,נדחה,333
2024/09,מספקים וירטואליים,תחרות באספקה,ביתי,בעיות במילוי בקשת הניוד,ניתן לנייד מונה בסיסי בתעריף ביתי אחיד בלבד,נדחה,89
2024/09,מספקים וירטואליים,תחרות באספקה,ביתי,אחר,"נסגר ידנית ע""י נגה",נדחה,642
2024/09,מספקים וירטואליים,תחרות באספקה,ביתי,בעיות במילוי בקשת הניוד,פרטי הזדהות איש קשר לא תקינים,נדחה,2
2024/09,מספקים וירטואליים,תחרות באספקה,לא ביתי,אחר,אי תאימות במונים שהוגשו,נדחה,3
2024/09,מספקים וירטואליים,תחרות באספקה,לא ביתי,אחר,"בוטל ידנית ע""י המספק",נדחה,77
2024/09,מספקים וירטואליים,תחרות באספקה,לא ביתי,אחר,החוזה לא פעיל - יש לקבל מהצרכן חוזה חדש,נדחה,128
2024/09,מספקים וירטואליים,תחרות באספקה,לא ביתי,אחר,החלפת לקוחות או סיום חוזה,נדחה,3
2024/09,מספקים וירטואליים,תחרות באספקה,לא ביתי,בעיות במילוי בקשת הניוד,המונה שהוגש לא קיים תחת החוזה,נדחה,431
2024/09,מספקים וירטואליים,תחרות באספקה,לא ביתי,בעיות במילוי בקשת הניוד,חוזה זה כבר קיים למספק זה,נדחה,2087
2024/09,מספקים וירטואליים,תחרות באספקה,לא ביתי,אחר,חשבון חוזה לא קיים - מספר לא תקין,נדחה,38
2024/09,מספקים וירטואליים,תחרות באספקה,לא ביתי,ייפוי כוח חסר/לא תקין,ייפוי הכוח לא נחתם,נדחה,90
2024/09,מספקים וירטואליים,תחרות באספקה,לא ביתי,בעיות במילוי בקשת הניוד,לא כל מוני החוזה הוגשו,נדחה,10
2024/09,מספקים וירטואליים,תחרות באספקה,לא ביתי,בעיות במילוי בקשת הניוד,לא כל שדות החובה הוגשו,נדחה,1
2024/09,מספקים וירטואליים,תחרות באספקה,לא ביתי,בעיות תקשורת במונה,לפחות אחד המונים אינו בר ניוד,נדחה,5
2024/09,מספקים וירטואליים,תחרות באספקה,לא ביתי,בעיות במילוי בקשת הניוד,מספר זיהוי הלקוח אינו משויך אל חשבון החוזה,נדחה,76
2024/09,מספקים וירטואליים,תחרות באספקה,לא ביתי,אחר,נדחה בשל אי מענה ממשקים,נדחה,26
2024/09,מספקים וירטואליים,תחרות באספקה,לא ביתי,אחר,נויד למספק ברירת מחדל,נדחה,1
2024/09,מספקים וירטואליים,תחרות באספקה,לא ביתי,אחר,נחתם ייפוי כוח מאוחר יותר למספק אחר,נדחה,2
2024/09,מספקים וירטואליים,תחרות באספקה,לא ביתי,בעיות במילוי בקשת הניוד,ניתן לנייד מונה בסיסי בתעריף ביתי אחיד בלבד,נדחה,362
2024/09,מספקים וירטואליים,תחרות באספקה,לא ביתי,אחר,"נסגר ידנית ע""י נגה",נדחה,86
2024/09,מספקים וירטואליים,תחרות באספקה,לא ביתי,בעיות במילוי בקשת הניוד,פרטי הזדהות איש קשר לא תקינים,נדחה,9
2024/09,מספקים וירטואליים,תחרות באספקה,לא ביתי,בעיות במילוי בקשת הניוד,תאריך מבוקש לניוד לא תקין,נדחה,8
2024/10,מספקים עם אמצעי ייצור,אסדרה קיימת,ביתי,אושר לניוד,תהליך הניוד הושלם,הושלם,6561
2024/10,מספקים עם אמצעי ייצור,אסדרה קיימת,ביתי,אושר לניוד,תהליך ניוד הושלם,הושלם,4
2024/10,מספקים עם אמצעי ייצור,אסדרה קיימת,לא ביתי,אושר לניוד,תהליך הניוד הושלם,הושלם,1171
2024/10,מספקים עם אמצעי ייצור,אסדרה קיימת,לא ביתי,אושר לניוד,תהליך ניוד הושלם,הושלם,2
2024/10,מספקים וירטואליים,תחרות באספקה,ביתי,אושר לניוד,תהליך הניוד הושלם,הושלם,31175
2024/10,מספקים וירטואליים,תחרות באספקה,ביתי,אושר לניוד,תהליך ניוד הושלם,הושלם,20
2024/10,מספקים וירטואליים,תחרות באספקה,לא ביתי,אושר לניוד,תהליך הניוד הושלם,הושלם,1095
2024/10,מספקים עם אמצעי ייצור,אסדרה קיימת,ביתי,אחר,"בוטל ידנית ע""י המספק",נדחה,157
2024/10,מספקים עם אמצעי ייצור,אסדרה קיימת,ביתי,אחר,החלפת לקוחות או סיום חוזה,נדחה,34
2024/10,מספקים עם אמצעי ייצור,אסדרה קיימת,ביתי,בעיות במילוי בקשת הניוד,המונה שהוגש לא קיים תחת החוזה,נדחה,24
2024/10,מספקים עם אמצעי ייצור,אסדרה קיימת,ביתי,בעיות במילוי בקשת הניוד,לא התקבלה קריאת מונה תקינה במועד הנדרש לפי אמות המידה,נדחה,17
2024/10,מספקים עם אמצעי ייצור,אסדרה קיימת,ביתי,בעיות במילוי בקשת הניוד,לא כל מוני החוזה הוגשו,נדחה,26
2024/10,מספקים עם אמצעי ייצור,אסדרה קיימת,ביתי,בעיות במילוי בקשת הניוד,לא ניתן לנייד מונה בסיסי בתעריף שאינו ביתי,נדחה,18
2024/10,מספקים עם אמצעי ייצור,אסדרה קיימת,ביתי,אחר,לאחר ייפוי כח תקין,נדחה,11
2024/10,מספקים עם אמצעי ייצור,אסדרה קיימת,ביתי,בעיות תקשורת במונה,לפחות אחד המונים אינו בר ניוד,נדחה,159
2024/10,מספקים עם אמצעי ייצור,אסדרה קיימת,ביתי,בעיות תקשורת במונה,לפחות אחד המונים תחת החוזה אינו בעל יכולת רישום רציף,נדחה,1887
2024/10,מספקים עם אמצעי ייצור,אסדרה קיימת,ביתי,בעיות במילוי בקשת הניוד,מספר זיהוי הלקוח אינו משויך אל חשבון החוזה,נדחה,235
2024/10,מספקים עם אמצעי ייצור,אסדרה קיימת,ביתי,אחר,נויד למספק ברירת מחדל,נדחה,8
2024/10,מספקים עם אמצעי ייצור,אסדרה קיימת,ביתי,אחר,נחתם ייפוי כוח מאוחר יותר למספק אחר,נדחה,69
2024/10,מספקים עם אמצעי ייצור,אסדרה קיימת,לא ביתי,אחר,אי תאימות במונים שהוגשו,נדחה,29
2024/10,מספקים עם אמצעי ייצור,אסדרה קיימת,לא ביתי,אחר,"בוטל ידנית ע""י המספק",נדחה,4
2024/10,מספקים עם אמצעי ייצור,אסדרה קיימת,לא ביתי,אחר,החוזה לא פעיל - יש לקבל מהצרכן חוזה חדש,נדחה,103
2024/10,מספקים עם אמצעי ייצור,אסדרה קיימת,לא ביתי,בעיות במילוי בקשת הניוד,המונה שהוגש לא קיים תחת החוזה,נדחה,235
2024/10,מספקים עם אמצעי ייצור,אסדרה קיימת,לא ביתי,בעיות במילוי בקשת הניוד,חוזה זה כבר קיים למספק זה,נדחה,46
2024/10,מספקים עם אמצעי ייצור,אסדרה קיימת,לא ביתי,אחר,חשבון חוזה לא קיים - מספר לא תקין,נדחה,1
2024/10,מספקים עם אמצעי ייצור,אסדרה קיימת,לא ביתי,בעיות במילוי בקשת הניוד,לא כל מוני החוזה הוגשו,נדחה,3
2024/10,מספקים עם אמצעי ייצור,אסדרה קיימת,לא ביתי,בעיות במילוי בקשת הניוד,לא ניתן לנייד מונה בסיסי בתעריף שאינו ביתי,נדחה,91
2024/10,מספקים עם אמצעי ייצור,אסדרה קיימת,לא ביתי,אחר,לאחר ייפוי כח תקין,נדחה,1
2024/10,מספקים עם אמצעי ייצור,אסדרה קיימת,לא ביתי,בעיות תקשורת במונה,לפחות אחד המונים אינו בר ניוד,נדחה,15
2024/10,מספקים עם אמצעי ייצור,אסדרה קיימת,לא ביתי,אחר,"לפחות אחד המונים בתהליך הקמה במערכות חח""י",נדחה,1
2024/10,מספקים עם אמצעי ייצור,אסדרה קיימת,לא ביתי,בעיות במילוי בקשת הניוד,מספר זיהוי הלקוח אינו משויך אל חשבון החוזה,נדחה,99
2024/10,מספקים עם אמצעי ייצור,אסדרה קיימת,לא ביתי,אחר,נדחה בשל אי מענה ממשקים,נדחה,5
2024/10,מספקים עם אמצעי ייצור,אסדרה קיימת,לא ביתי,אחר,נחתם ייפוי כוח מאוחר יותר למספק אחר,נדחה,3
2024/10,מספקים עם אמצעי ייצור,אסדרה קיימת,לא ביתי,בעיות במילוי בקשת הניוד,פרטי הזדהות איש קשר לא תקינים,נדחה,4
2024/10,מספקים וירטואליים,תחרות באספקה,ביתי,אחר,אחר,נדחה,2
2024/10,מספקים וירטואליים,תחרות באספקה,ביתי,אחר,"בוטל ידנית ע""י המספק",נדחה,268
2024/10,מספקים וירטואליים,תחרות באספקה,ביתי,אחר,החוזה לא פעיל - יש לקבל מהצרכן חוזה חדש,נדחה,6
2024/10,מספקים וירטואליים,תחרות באספקה,ביתי,אחר,החלפת לקוחות או סיום חוזה,נדחה,148
2024/10,מספקים וירטואליים,תחרות באספקה,ביתי,בעיות במילוי בקשת הניוד,המונה שהוגש לא קיים תחת החוזה,נדחה,8
2024/10,מספקים וירטואליים,תחרות באספקה,ביתי,בעיות במילוי בקשת הניוד,חוזה זה כבר קיים למספק זה,נדחה,143
2024/10,מספקים וירטואליים,תחרות באספקה,ביתי,ייפוי כוח חסר/לא תקין,ייפוי הכוח לא נחתם,נדחה,28
2024/10,מספקים וירטואליים,תחרות באספקה,ביתי,בעיות במילוי בקשת הניוד,לא התקבלה קריאת מונה תקינה במועד הנדרש לפי אמות המידה,נדחה,4672
2024/10,מספקים וירטואליים,תחרות באספקה,ביתי,בעיות במילוי בקשת הניוד,לא כל מוני החוזה הוגשו,נדחה,77
2024/10,מספקים וירטואליים,תחרות באספקה,ביתי,בעיות במילוי בקשת הניוד,לא ניתן לנייד מונה בסיסי בתעריף שאינו ביתי,נדחה,89
2024/10,מספקים וירטואליים,תחרות באספקה,ביתי,אחר,לאחר ייפוי כח תקין,נדחה,21
2024/10,מספקים וירטואליים,תחרות באספקה,ביתי,בעיות תקשורת במונה,לפחות אחד המונים אינו בר ניוד,נדחה,540
2024/10,מספקים וירטואליים,תחרות באספקה,ביתי,אחר,"לפחות אחד המונים בתהליך הקמה במערכות חח""י",נדחה,1
2024/10,מספקים וירטואליים,תחרות באספקה,ביתי,בעיות במילוי בקשת הניוד,מספר זיהוי הלקוח אינו משויך אל חשבון החוזה,נדחה,299
2024/10,מספקים וירטואליים,תחרות באספקה,ביתי,אחר,נויד למספק ברירת מחדל,נדחה,40
2024/10,מספקים וירטואליים,תחרות באספקה,ביתי,אחר,נחתם ייפוי כוח מאוחר יותר למספק אחר,נדחה,353
2024/10,מספקים וירטואליים,תחרות באספקה,ביתי,אחר,"נסגר ידנית ע""י נגה",נדחה,506
2024/10,מספקים וירטואליים,תחרות באספקה,לא ביתי,אחר,אי תאימות במונים שהוגשו,נדחה,7
2024/10,מספקים וירטואליים,תחרות באספקה,לא ביתי,אחר,"בוטל ידנית ע""י המספק",נדחה,54
2024/10,מספקים וירטואליים,תחרות באספקה,לא ביתי,אחר,החוזה לא פעיל - יש לקבל מהצרכן חוזה חדש,נדחה,113
2024/10,מספקים וירטואליים,תחרות באספקה,לא ביתי,אחר,החלפת לקוחות או סיום חוזה,נדחה,5
2024/10,מספקים וירטואליים,תחרות באספקה,לא ביתי,בעיות במילוי בקשת הניוד,המונה שהוגש לא קיים תחת החוזה,נדחה,212
2024/10,מספקים וירטואליים,תחרות באספקה,לא ביתי,בעיות במילוי בקשת הניוד,חוזה זה כבר קיים למספק זה,נדחה,109
2024/10,מספקים וירטואליים,תחרות באספקה,לא ביתי,אחר,חשבון חוזה לא קיים - מספר לא תקין,נדחה,72
2024/10,מספקים וירטואליים,תחרות באספקה,לא ביתי,ייפוי כוח חסר/לא תקין,ייפוי הכוח לא נחתם,נדחה,8
2024/10,מספקים וירטואליים,תחרות באספקה,לא ביתי,בעיות במילוי בקשת הניוד,לא כל מוני החוזה הוגשו,נדחה,10
2024/10,מספקים וירטואליים,תחרות באספקה,לא ביתי,בעיות במילוי בקשת הניוד,לא ניתן לנייד מונה בסיסי בתעריף שאינו ביתי,נדחה,276
2024/10,מספקים וירטואליים,תחרות באספקה,לא ביתי,אחר,לאחר ייפוי כח תקין,נדחה,1
2024/10,מספקים וירטואליים,תחרות באספקה,לא ביתי,בעיות תקשורת במונה,לפחות אחד המונים אינו בר ניוד,נדחה,5
2024/10,מספקים וירטואליים,תחרות באספקה,לא ביתי,בעיות במילוי בקשת הניוד,מספר זיהוי הלקוח אינו משויך אל חשבון החוזה,נדחה,102
2024/10,מספקים וירטואליים,תחרות באספקה,לא ביתי,אחר,נדחה בשל אי מענה ממשקים,נדחה,16
2024/10,מספקים וירטואליים,תחרות באספקה,לא ביתי,אחר,נויד למספק ברירת מחדל,נדחה,1
2024/10,מספקים וירטואליים,תחרות באספקה,לא ביתי,אחר,נחתם ייפוי כוח מאוחר יותר למספק אחר,נדחה,7
2024/10,מספקים וירטואליים,תחרות באספקה,לא ביתי,אחר,"נסגר ידנית ע""י נגה",נדחה,7
2024/10,מספקים וירטואליים,תחרות באספקה,לא ביתי,בעיות במילוי בקשת הניוד,פרטי הזדהות איש קשר לא תקינים,נדחה,16
2024/11,מספקים עם אמצעי ייצור,אסדרה קיימת,ביתי,אושר לניוד,תהליך הניוד הושלם,הושלם,14221
2024/11,מספקים עם אמצעי ייצור,אסדרה קיימת,ביתי,אושר לניוד,תהליך ניוד הושלם,הושלם,16
2024/11,מספקים עם אמצעי ייצור,אסדרה קיימת,לא ביתי,אושר לניוד,תהליך הניוד הושלם,הושלם,616
2024/11,מספקים עם אמצעי ייצור,אסדרה קיימת,לא ביתי,אושר לניוד,תהליך ניוד הושלם,הושלם,1
2024/11,מספקים וירטואליים,תחרות באספקה,ביתי,אושר לניוד,תהליך הניוד הושלם,הושלם,27862
2024/11,מספקים וירטואליים,תחרות באספקה,ביתי,אושר לניוד,תהליך ניוד הושלם,הושלם,13
2024/11,מספקים וירטואליים,תחרות באספקה,לא ביתי,אושר לניוד,תהליך הניוד הושלם,הושלם,632
2024/11,מספקים עם אמצעי ייצור,אסדרה קיימת,ביתי,אחר,אי תאימות במונים שהוגשו,נדחה,7
2024/11,מספקים עם אמצעי ייצור,אסדרה קיימת,ביתי,אחר,"בוטל ידנית ע""י המספק",נדחה,47
2024/11,מספקים עם אמצעי ייצור,אסדרה קיימת,ביתי,אחר,החוזה לא פעיל - יש לקבל מהצרכן חוזה חדש,נדחה,67
2024/11,מספקים עם אמצעי ייצור,אסדרה קיימת,ביתי,אחר,החלפת לקוחות או סיום חוזה,נדחה,14
2024/11,מספקים עם אמצעי ייצור,אסדרה קיימת,ביתי,בעיות במילוי בקשת הניוד,המונה שהוגש לא קיים תחת החוזה,נדחה,268
2024/11,מספקים עם אמצעי ייצור,אסדרה קיימת,ביתי,בעיות במילוי בקשת הניוד,חוזה זה כבר קיים למספק זה,נדחה,41
2024/11,מספקים עם אמצעי ייצור,אסדרה קיימת,ביתי,אחר,חשבון חוזה לא קיים - מספר לא תקין,נדחה,12
2024/11,מספקים עם אמצעי ייצור,אסדרה קיימת,ביתי,ייפוי כוח חסר/לא תקין,ייפוי הכוח לא נחתם,נדחה,6
2024/11,מספקים עם אמצעי ייצור,אסדרה קיימת,ביתי,בעיות במילוי בקשת הניוד,לא התקבלה קריאת מונה תקינה במועד הנדרש לפי אמות המידה,נדחה,533
2024/11,מספקים עם אמצעי ייצור,אסדרה קיימת,ביתי,בעיות במילוי בקשת הניוד,לא כל מוני החוזה הוגשו,נדחה,26
2024/11,מספקים עם אמצעי ייצור,אסדרה קיימת,ביתי,בעיות במילוי בקשת הניוד,לא ניתן לנייד מונה בסיסי בתעריף שאינו ביתי,נדחה,122
2024/11,מספקים עם אמצעי ייצור,אסדרה קיימת,ביתי,אחר,"לא ניתן לנייד מונה בסיסי מסוג מת""ם/תעו""ז/בעל ייצור",נדחה,4
2024/11,מספקים עם אמצעי ייצור,אסדרה קיימת,ביתי,בעיות במילוי בקשת הניוד,לא נמצא איש קשר עבור החוזה,נדחה,2
2024/11,מספקים עם אמצעי ייצור,אסדרה קיימת,ביתי,בעיות תקשורת במונה,לפחות אחד המונים אינו בר ניוד,נדחה,86
2024/11,מספקים עם אמצעי ייצור,אסדרה קיימת,ביתי,אחר,"לפחות אחד המונים בתהליך הקמה במערכות חח""י",נדחה,1
2024/11,מספקים עם אמצעי ייצור,אסדרה קיימת,ביתי,בעיות תקשורת במונה,לפחות אחד המונים תחת החוזה אינו בעל יכולת רישום רציף,נדחה,2073
2024/11,מספקים עם אמצעי ייצור,אסדרה קיימת,ביתי,בעיות במילוי בקשת הניוד,מספר זיהוי הלקוח אינו משויך אל חשבון החוזה,נדחה,247
2024/11,מספקים עם אמצעי ייצור,אסדרה קיימת,ביתי,אחר,נדחה בשל אי מענה ממשקים,נדחה,7
2024/11,מספקים עם אמצעי ייצור,אסדרה קיימת,ביתי,אחר,נויד למספק ברירת מחדל,נדחה,9
2024/11,מספקים עם אמצעי ייצור,אסדרה קיימת,ביתי,אחר,נחתם ייפוי כוח מאוחר יותר למספק אחר,נדחה,108
2024/11,מספקים עם אמצעי ייצור,אסדרה קיימת,ביתי,אחר,"נסגר ידנית ע""י נגה",נדחה,10
2024/11,מספקים עם אמצעי ייצור,אסדרה קיימת,ביתי,בעיות במילוי בקשת הניוד,פרטי הזדהות איש קשר לא תקינים,נדחה,29
2024/11,מספקים עם אמצעי ייצור,אסדרה קיימת,ביתי,בעיות במילוי בקשת הניוד,תאריך מבוקש לניוד לא תקין,נדחה,3
2024/11,מספקים עם אמצעי ייצור,אסדרה קיימת,לא ביתי,אחר,"בוטל ידנית ע""י המספק",נדחה,4
2024/11,מספקים עם אמצעי ייצור,אסדרה קיימת,לא ביתי,אחר,החוזה לא פעיל - יש לקבל מהצרכן חוזה חדש,נדחה,25
2024/11,מספקים עם אמצעי ייצור,אסדרה קיימת,לא ביתי,אחר,החלפת לקוחות או סיום חוזה,נדחה,1
2024/11,מספקים עם אמצעי ייצור,אסדרה קיימת,לא ביתי,בעיות במילוי בקשת הניוד,המונה שהוגש לא קיים תחת החוזה,נדחה,63
2024/11,מספקים עם אמצעי ייצור,אסדרה קיימת,לא ביתי,בעיות במילוי בקשת הניוד,חוזה זה כבר קיים למספק זה,נדחה,12
2024/11,מספקים עם אמצעי ייצור,אסדרה קיימת,לא ביתי,אחר,חשבון חוזה לא קיים - מספר לא תקין,נדחה,4
2024/11,מספקים עם אמצעי ייצור,אסדרה קיימת,לא ביתי,בעיות במילוי בקשת הניוד,לא התקבלה קריאת מונה תקינה במועד הנדרש לפי אמות המידה,נדחה,170
2024/11,מספקים עם אמצעי ייצור,אסדרה קיימת,לא ביתי,בעיות במילוי בקשת הניוד,לא כל מוני החוזה הוגשו,נדחה,5
2024/11,מספקים עם אמצעי ייצור,אסדרה קיימת,לא ביתי,בעיות במילוי בקשת הניוד,לא ניתן לנייד מונה בסיסי בתעריף שאינו ביתי,נדחה,26
2024/11,מספקים עם אמצעי ייצור,אסדרה קיימת,לא ביתי,בעיות תקשורת במונה,לפחות אחד המונים אינו בר ניוד,נדחה,14
2024/11,מספקים עם אמצעי ייצור,אסדרה קיימת,לא ביתי,בעיות תקשורת במונה,לפחות אחד המונים תחת החוזה אינו בעל יכולת רישום רציף,נדחה,335
2024/11,מספקים עם אמצעי ייצור,אסדרה קיימת,לא ביתי,בעיות במילוי בקשת הניוד,מספר זיהוי הלקוח אינו משויך אל חשבון החוזה,נדחה,86
2024/11,מספקים עם אמצעי ייצור,אסדרה קיימת,לא ביתי,אחר,נויד למספק ברירת מחדל,נדחה,1
2024/11,מספקים עם אמצעי ייצור,אסדרה קיימת,לא ביתי,אחר,נחתם ייפוי כוח מאוחר יותר למספק אחר,נדחה,25
2024/11,מספקים עם אמצעי ייצור,אסדרה קיימת,לא ביתי,אחר,"נסגר ידנית ע""י נגה",נדחה,4
2024/11,מספקים עם אמצעי ייצור,אסדרה קיימת,לא ביתי,בעיות במילוי בקשת הניוד,פרטי הזדהות איש קשר לא תקינים,נדחה,3
2024/11,מספקים וירטואליים,תחרות באספקה,ביתי,אחר,אי תאימות במונים שהוגשו,נדחה,8
2024/11,מספקים וירטואליים,תחרות באספקה,ביתי,אחר,"בוטל ידנית ע""י המספק",נדחה,444
2024/11,מספקים וירטואליים,תחרות באספקה,ביתי,אחר,החוזה לא פעיל - יש לקבל מהצרכן חוזה חדש,נדחה,359
2024/11,מספקים וירטואליים,תחרות באספקה,ביתי,אחר,החלפת לקוחות או סיום חוזה,נדחה,96
2024/11,מספקים וירטואליים,תחרות באספקה,ביתי,בעיות במילוי בקשת הניוד,המונה שהוגש לא קיים תחת החוזה,נדחה,1057
2024/11,מספקים וירטואליים,תחרות באספקה,ביתי,בעיות במילוי בקשת הניוד,חוזה זה כבר קיים למספק זה,נדחה,5446
2024/11,מספקים וירטואליים,תחרות באספקה,ביתי,אחר,חשבון חוזה לא קיים - מספר לא תקין,נדחה,184
2024/11,מספקים וירטואליים,תחרות באספקה,ביתי,ייפוי כוח חסר/לא תקין,ייפוי הכוח לא נחתם,נדחה,68
2024/11,מספקים וירטואליים,תחרות באספקה,ביתי,בעיות במילוי בקשת הניוד,לא התקבלה קריאת מונה תקינה במועד הנדרש לפי אמות המידה,נדחה,9089
2024/11,מספקים וירטואליים,תחרות באספקה,ביתי,בעיות במילוי בקשת הניוד,לא כל מוני החוזה הוגשו,נדחה,94
2024/11,מספקים וירטואליים,תחרות באספקה,ביתי,בעיות במילוי בקשת הניוד,לא כל שדות החובה הוגשו,נדחה,11
2024/11,מספקים וירטואליים,תחרות באספקה,ביתי,בעיות במילוי בקשת הניוד,לא ניתן לנייד מונה בסיסי בתעריף שאינו ביתי,נדחה,646
2024/11,מספקים וירטואליים,תחרות באספקה,ביתי,אחר,"לא ניתן לנייד מונה בסיסי מסוג מת""ם/תעו""ז/בעל ייצור",נדחה,45
2024/11,מספקים וירטואליים,תחרות באספקה,ביתי,בעיות במילוי בקשת הניוד,לא נמצא איש קשר עבור החוזה,נדחה,8
2024/11,מספקים וירטואליים,תחרות באספקה,ביתי,בעיות תקשורת במונה,לפחות אחד המונים אינו בר ניוד,נדחה,365
2024/11,מספקים וירטואליים,תחרות באספקה,ביתי,אחר,"לפחות אחד המונים בתהליך הקמה במערכות חח""י",נדחה,1
2024/11,מספקים וירטואליים,תחרות באספקה,ביתי,בעיות תקשורת במונה,לפחות אחד המונים תחת החוזה אינו בעל יכולת רישום רציף,נדחה,166
2024/11,מספקים וירטואליים,תחרות באספקה,ביתי,בעיות במילוי בקשת הניוד,מספר זיהוי הלקוח אינו משויך אל חשבון החוזה,נדחה,1011
2024/11,מספקים וירטואליים,תחרות באספקה,ביתי,אחר,נדחה בשל אי מענה ממשקים,נדחה,36
2024/11,מספקים וירטואליים,תחרות באספקה,ביתי,אחר,נויד למספק ברירת מחדל,נדחה,20
2024/11,מספקים וירטואליים,תחרות באספקה,ביתי,אחר,נחתם ייפוי כוח מאוחר יותר למספק אחר,נדחה,458
2024/11,מספקים וירטואליים,תחרות באספקה,ביתי,אחר,"נסגר ידנית ע""י נגה",נדחה,25
2024/11,מספקים וירטואליים,תחרות באספקה,ביתי,בעיות במילוי בקשת הניוד,פרטי הזדהות איש קשר לא תקינים,נדחה,43
2024/11,מספקים וירטואליים,תחרות באספקה,לא ביתי,אחר,אי תאימות במונים שהוגשו,נדחה,1
2024/11,מספקים וירטואליים,תחרות באספקה,לא ביתי,אחר,"בוטל ידנית ע""י המספק",נדחה,293
2024/11,מספקים וירטואליים,תחרות באספקה,לא ביתי,אחר,החוזה לא פעיל - יש לקבל מהצרכן חוזה חדש,נדחה,105
2024/11,מספקים וירטואליים,תחרות באספקה,לא ביתי,אחר,החלפת לקוחות או סיום חוזה,נדחה,30
2024/11,מספקים וירטואליים,תחרות באספקה,לא ביתי,בעיות במילוי בקשת הניוד,המונה שהוגש לא קיים תחת החוזה,נדחה,319
2024/11,מספקים וירטואליים,תחרות באספקה,לא ביתי,בעיות במילוי בקשת הניוד,חוזה זה כבר קיים למספק זה,נדחה,2590
2024/11,מספקים וירטואליים,תחרות באספקה,לא ביתי,אחר,חשבון חוזה לא קיים - מספר לא תקין,נדחה,59
2024/11,מספקים וירטואליים,תחרות באספקה,לא ביתי,ייפוי כוח חסר/לא תקין,ייפוי הכוח לא נחתם,נדחה,17
2024/11,מספקים וירטואליים,תחרות באספקה,לא ביתי,בעיות במילוי בקשת הניוד,לא התקבלה קריאת מונה תקינה במועד הנדרש לפי אמות המידה,נדחה,1869
2024/11,מספקים וירטואליים,תחרות באספקה,לא ביתי,בעיות במילוי בקשת הניוד,לא כל מוני החוזה הוגשו,נדחה,33
2024/11,מספקים וירטואליים,תחרות באספקה,לא ביתי,בעיות במילוי בקשת הניוד,לא כל שדות החובה הוגשו,נדחה,12
2024/11,מספקים וירטואליים,תחרות באספקה,לא ביתי,בעיות במילוי בקשת הניוד,לא ניתן לנייד מונה בסיסי בתעריף שאינו ביתי,נדחה,369
2024/11,מספקים וירטואליים,תחרות באספקה,לא ביתי,אחר,"לא ניתן לנייד מונה בסיסי מסוג מת""ם/תעו""ז/בעל ייצור",נדחה,12
2024/11,מספקים וירטואליים,תחרות באספקה,לא ביתי,בעיות במילוי בקשת הניוד,לא נמצא איש קשר עבור החוזה,נדחה,1
2024/11,מספקים וירטואליים,תחרות באספקה,לא ביתי,בעיות תקשורת במונה,לפחות אחד המונים אינו בר ניוד,נדחה,150
2024/11,מספקים וירטואליים,תחרות באספקה,לא ביתי,אחר,"לפחות אחד המונים בתהליך הקמה במערכות חח""י",נדחה,1
2024/11,מספקים וירטואליים,תחרות באספקה,לא ביתי,בעיות תקשורת במונה,לפחות אחד המונים תחת החוזה אינו בעל יכולת רישום רציף,נדחה,213
2024/11,מספקים וירטואליים,תחרות באספקה,לא ביתי,בעיות במילוי בקשת הניוד,מספר זיהוי הלקוח אינו משויך אל חשבון החוזה,נדחה,409
2024/11,מספקים וירטואליים,תחרות באספקה,לא ביתי,אחר,נדחה בשל אי מענה ממשקים,נדחה,15
2024/11,מספקים וירטואליים,תחרות באספקה,לא ביתי,אחר,נויד למספק ברירת מחדל,נדחה,12
2024/11,מספקים וירטואליים,תחרות באספקה,לא ביתי,אחר,נחתם ייפוי כוח מאוחר יותר למספק אחר,נדחה,114
2024/11,מספקים וירטואליים,תחרות באספקה,לא ביתי,אחר,"נסגר ידנית ע""י נגה",נדחה,9
2024/11,מספקים וירטואליים,תחרות באספקה,לא ביתי,בעיות במילוי בקשת הניוד,פרטי הזדהות איש קשר לא תקינים,נדחה,18
2024/12,מספקים עם אמצעי ייצור,אסדרה קיימת,ביתי,אושר לניוד,תהליך הניוד הושלם,הושלם,26590
2024/12,מספקים עם אמצעי ייצור,אסדרה קיימת,ביתי,אושר לניוד,תהליך ניוד הושלם,הושלם,19
2024/12,מספקים עם אמצעי ייצור,אסדרה קיימת,לא ביתי,אושר לניוד,תהליך הניוד הושלם,הושלם,852
2024/12,מספקים עם אמצעי ייצור,אסדרה קיימת,לא ביתי,אושר לניוד,תהליך ניוד הושלם,הושלם,1
2024/12,מספקים וירטואליים,תחרות באספקה,ביתי,אושר לניוד,תהליך הניוד הושלם,הושלם,15265
2024/12,מספקים וירטואליים,תחרות באספקה,ביתי,אושר לניוד,תהליך ניוד הושלם,הושלם,10
2024/12,מספקים וירטואליים,תחרות באספקה,לא ביתי,אושר לניוד,תהליך הניוד הושלם,הושלם,374
2024/12,מספקים עם אמצעי ייצור,אסדרה קיימת,ביתי,אחר,אי תאימות במונים שהוגשו,נדחה,2
2024/12,מספקים עם אמצעי ייצור,אסדרה קיימת,ביתי,אחר,"בוטל ידנית ע""י המספק",נדחה,74
2024/12,מספקים עם אמצעי ייצור,אסדרה קיימת,ביתי,אחר,החוזה לא פעיל - יש לקבל מהצרכן חוזה חדש,נדחה,125
2024/12,מספקים עם אמצעי ייצור,אסדרה קיימת,ביתי,אחר,החלפת לקוחות או סיום חוזה,נדחה,19
2024/12,מספקים עם אמצעי ייצור,אסדרה קיימת,ביתי,בעיות במילוי בקשת הניוד,המונה שהוגש לא קיים תחת החוזה,נדחה,302
2024/12,מספקים עם אמצעי ייצור,אסדרה קיימת,ביתי,בעיות במילוי בקשת הניוד,חוזה זה כבר קיים למספק זה,נדחה,719
2024/12,מספקים עם אמצעי ייצור,אסדרה קיימת,ביתי,אחר,חשבון חוזה לא קיים - מספר לא תקין,נדחה,35
2024/12,מספקים עם אמצעי ייצור,אסדרה קיימת,ביתי,ייפוי כוח חסר/לא תקין,ייפוי הכוח לא נחתם,נדחה,2
2024/12,מספקים עם אמצעי ייצור,אסדרה קיימת,ביתי,בעיות במילוי בקשת הניוד,לא התקבלה קריאת מונה תקינה במועד הנדרש לפי אמות המידה,נדחה,1001
2024/12,מספקים עם אמצעי ייצור,אסדרה קיימת,ביתי,בעיות במילוי בקשת הניוד,לא כל מוני החוזה הוגשו,נדחה,39
2024/12,מספקים עם אמצעי ייצור,אסדרה קיימת,ביתי,בעיות במילוי בקשת הניוד,לא כל שדות החובה הוגשו,נדחה,2
2024/12,מספקים עם אמצעי ייצור,אסדרה קיימת,ביתי,בעיות במילוי בקשת הניוד,לא ניתן לנייד מונה בסיסי בתעריף שאינו ביתי,נדחה,160
2024/12,מספקים עם אמצעי ייצור,אסדרה קיימת,ביתי,אחר,"לא ניתן לנייד מונה בסיסי מסוג מת""ם/תעו""ז/בעל ייצור",נדחה,1
2024/12,מספקים עם אמצעי ייצור,אסדרה קיימת,ביתי,בעיות תקשורת במונה,לפחות אחד המונים אינו בר ניוד,נדחה,57
2024/12,מספקים עם אמצעי ייצור,אסדרה קיימת,ביתי,אחר,"לפחות אחד המונים בתהליך הקמה במערכות חח""י",נדחה,1
2024/12,מספקים עם אמצעי ייצור,אסדרה קיימת,ביתי,בעיות תקשורת במונה,לפחות אחד המונים תחת החוזה אינו בעל יכולת רישום רציף,נדחה,1626
2024/12,מספקים עם אמצעי ייצור,אסדרה קיימת,ביתי,בעיות במילוי בקשת הניוד,מספר זיהוי הלקוח אינו משויך אל חשבון החוזה,נדחה,377
2024/12,מספקים עם אמצעי ייצור,אסדרה קיימת,ביתי,אחר,נדחה בשל אי מענה ממשקים,נדחה,9
2024/12,מספקים עם אמצעי ייצור,אסדרה קיימת,ביתי,אחר,נחתם ייפוי כוח מאוחר יותר למספק אחר,נדחה,55
2024/12,מספקים עם אמצעי ייצור,אסדרה קיימת,ביתי,בעיות במילוי בקשת הניוד,פרטי הזדהות איש קשר לא תקינים,נדחה,11
2024/12,מספקים עם אמצעי ייצור,אסדרה קיימת,ביתי,בעיות במילוי בקשת הניוד,תאריך מבוקש לניוד לא תקין,נדחה,2
2024/12,מספקים עם אמצעי ייצור,אסדרה קיימת,לא ביתי,אחר,"בוטל ידנית ע""י המספק",נדחה,25
2024/12,מספקים עם אמצעי ייצור,אסדרה קיימת,לא ביתי,אחר,החוזה לא פעיל - יש לקבל מהצרכן חוזה חדש,נדחה,36
2024/12,מספקים עם אמצעי ייצור,אסדרה קיימת,לא ביתי,אחר,החלפת לקוחות או סיום חוזה,נדחה,2
2024/12,מספקים עם אמצעי ייצור,אסדרה קיימת,לא ביתי,בעיות במילוי בקשת הניוד,המונה שהוגש לא קיים תחת החוזה,נדחה,90
2024/12,מספקים עם אמצעי ייצור,אסדרה קיימת,לא ביתי,בעיות במילוי בקשת הניוד,חוזה זה כבר קיים למספק זה,נדחה,213
2024/12,מספקים עם אמצעי ייצור,אסדרה קיימת,לא ביתי,אחר,חשבון חוזה לא קיים - מספר לא תקין,נדחה,7
2024/12,מספקים עם אמצעי ייצור,אסדרה קיימת,לא ביתי,בעיות במילוי בקשת הניוד,לא התקבלה קריאת מונה תקינה במועד הנדרש לפי אמות המידה,נדחה,361
2024/12,מספקים עם אמצעי ייצור,אסדרה קיימת,לא ביתי,בעיות במילוי בקשת הניוד,לא כל מוני החוזה הוגשו,נדחה,10
2024/12,מספקים עם אמצעי ייצור,אסדרה קיימת,לא ביתי,בעיות במילוי בקשת הניוד,לא כל שדות החובה הוגשו,נדחה,1
2024/12,מספקים עם אמצעי ייצור,אסדרה קיימת,לא ביתי,בעיות במילוי בקשת הניוד,לא ניתן לנייד מונה בסיסי בתעריף שאינו ביתי,נדחה,44
2024/12,מספקים עם אמצעי ייצור,אסדרה קיימת,לא ביתי,בעיות תקשורת במונה,לפחות אחד המונים אינו בר ניוד,נדחה,14
2024/12,מספקים עם אמצעי ייצור,אסדרה קיימת,לא ביתי,בעיות תקשורת במונה,לפחות אחד המונים תחת החוזה אינו בעל יכולת רישום רציף,נדחה,250
2024/12,מספקים עם אמצעי ייצור,אסדרה קיימת,לא ביתי,בעיות במילוי בקשת הניוד,מספר זיהוי הלקוח אינו משויך אל חשבון החוזה,נדחה,112
2024/12,מספקים עם אמצעי ייצור,אסדרה קיימת,לא ביתי,אחר,נדחה בשל אי מענה ממשקים,נדחה,3
2024/12,מספקים עם אמצעי ייצור,אסדרה קיימת,לא ביתי,אחר,נחתם ייפוי כוח מאוחר יותר למספק אחר,נדחה,13
2024/12,מספקים עם אמצעי ייצור,אסדרה קיימת,לא ביתי,בעיות במילוי בקשת הניוד,פרטי הזדהות איש קשר לא תקינים,נדחה,2
2024/12,מספקים וירטואליים,תחרות באספקה,ביתי,אחר,אי תאימות במונים שהוגשו,נדחה,1
2024/12,מספקים וירטואליים,תחרות באספקה,ביתי,אחר,"בוטל ידנית ע""י המספק",נדחה,152
2024/12,מספקים וירטואליים,תחרות באספקה,ביתי,אחר,החוזה לא פעיל - יש לקבל מהצרכן חוזה חדש,נדחה,157
2024/12,מספקים וירטואליים,תחרות באספקה,ביתי,אחר,החלפת לקוחות או סיום חוזה,נדחה,17
2024/12,מספקים וירטואליים,תחרות באספקה,ביתי,בעיות במילוי בקשת הניוד,המונה שהוגש לא קיים תחת החוזה,נדחה,383
2024/12,מספקים וירטואליים,תחרות באספקה,ביתי,בעיות במילוי בקשת הניוד,חוזה זה כבר קיים למספק זה,נדחה,1741
2024/12,מספקים וירטואליים,תחרות באספקה,ביתי,אחר,חשבון חוזה לא קיים - מספר לא תקין,נדחה,83
2024/12,מספקים וירטואליים,תחרות באספקה,ביתי,ייפוי כוח חסר/לא תקין,ייפוי הכוח לא נחתם,נדחה,4
2024/12,מספקים וירטואליים,תחרות באספקה,ביתי,בעיות במילוי בקשת הניוד,לא התקבלה קריאת מונה תקינה במועד הנדרש לפי אמות המידה,נדחה,2114
2024/12,מספקים וירטואליים,תחרות באספקה,ביתי,בעיות במילוי בקשת הניוד,לא כל מוני החוזה הוגשו,נדחה,29
2024/12,מספקים וירטואליים,תחרות באספקה,ביתי,בעיות במילוי בקשת הניוד,לא כל שדות החובה הוגשו,נדחה,1
2024/12,מספקים וירטואליים,תחרות באספקה,ביתי,בעיות במילוי בקשת הניוד,לא ניתן לנייד מונה בסיסי בתעריף שאינו ביתי,נדחה,146
2024/12,מספקים וירטואליים,תחרות באספקה,ביתי,אחר,"לא ניתן לנייד מונה בסיסי מסוג מת""ם/תעו""ז/בעל ייצור",נדחה,7
2024/12,מספקים וירטואליים,תחרות באספקה,ביתי,בעיות במילוי בקשת הניוד,לא נמצא איש קשר עבור החוזה,נדחה,1
2024/12,מספקים וירטואליים,תחרות באספקה,ביתי,בעיות תקשורת במונה,לפחות אחד המונים אינו בר ניוד,נדחה,69
2024/12,מספקים וירטואליים,תחרות באספקה,ביתי,בעיות תקשורת במונה,לפחות אחד המונים תחת החוזה אינו בעל יכולת רישום רציף,נדחה,411
2024/12,מספקים וירטואליים,תחרות באספקה,ביתי,בעיות במילוי בקשת הניוד,מספר זיהוי הלקוח אינו משויך אל חשבון החוזה,נדחה,456
2024/12,מספקים וירטואליים,תחרות באספקה,ביתי,אחר,נדחה בשל אי מענה ממשקים,נדחה,23
2024/12,מספקים וירטואליים,תחרות באספקה,ביתי,אחר,נחתם ייפוי כוח מאוחר יותר למספק אחר,נדחה,60
2024/12,מספקים וירטואליים,תחרות באספקה,ביתי,אחר,"נסגר ידנית ע""י נגה",נדחה,19
2024/12,מספקים וירטואליים,תחרות באספקה,ביתי,בעיות במילוי בקשת הניוד,פרטי הזדהות איש קשר לא תקינים,נדחה,18
2024/12,מספקים וירטואליים,תחרות באספקה,לא ביתי,אחר,אי תאימות במונים שהוגשו,נדחה,1
2024/12,מספקים וירטואליים,תחרות באספקה,לא ביתי,אחר,"בוטל ידנית ע""י המספק",נדחה,50
2024/12,מספקים וירטואליים,תחרות באספקה,לא ביתי,אחר,החוזה לא פעיל - יש לקבל מהצרכן חוזה חדש,נדחה,40
2024/12,מספקים וירטואליים,תחרות באספקה,לא ביתי,אחר,החלפת לקוחות או סיום חוזה,נדחה,10
2024/12,מספקים וירטואליים,תחרות באספקה,לא ביתי,בעיות במילוי בקשת הניוד,המונה שהוגש לא קיים תחת החוזה,נדחה,117
2024/12,מספקים וירטואליים,תחרות באספקה,לא ביתי,בעיות במילוי בקשת הניוד,חוזה זה כבר קיים למספק זה,נדחה,580
2024/12,מספקים וירטואליים,תחרות באספקה,לא ביתי,אחר,חשבון חוזה לא קיים - מספר לא תקין,נדחה,36
2024/12,מספקים וירטואליים,תחרות באספקה,לא ביתי,בעיות במילוי בקשת הניוד,לא התקבלה קריאת מונה תקינה במועד הנדרש לפי אמות המידה,נדחה,565
2024/12,מספקים וירטואליים,תחרות באספקה,לא ביתי,בעיות במילוי בקשת הניוד,לא כל מוני החוזה הוגשו,נדחה,11
2024/12,מספקים וירטואליים,תחרות באספקה,לא ביתי,בעיות במילוי בקשת הניוד,לא ניתן לנייד מונה בסיסי בתעריף שאינו ביתי,נדחה,46
2024/12,מספקים וירטואליים,תחרות באספקה,לא ביתי,אחר,"לא ניתן לנייד מונה בסיסי מסוג מת""ם/תעו""ז/בעל ייצור",נדחה,3
2024/12,מספקים וירטואליים,תחרות באספקה,לא ביתי,בעיות תקשורת במונה,לפחות אחד המונים אינו בר ניוד,נדחה,19
2024/12,מספקים וירטואליים,תחרות באספקה,לא ביתי,בעיות תקשורת במונה,לפחות אחד המונים תחת החוזה אינו בעל יכולת רישום רציף,נדחה,52
2024/12,מספקים וירטואליים,תחרות באספקה,לא ביתי,בעיות במילוי בקשת הניוד,מספר זיהוי הלקוח אינו משויך אל חשבון החוזה,נדחה,162
2024/12,מספקים וירטואליים,תחרות באספקה,לא ביתי,אחר,נדחה בשל אי מענה ממשקים,נדחה,5
2024/12,מספקים וירטואליים,תחרות באספקה,לא ביתי,אחר,נחתם ייפוי כוח מאוחר יותר למספק אחר,נדחה,14
2024/12,מספקים וירטואליים,תחרות באספקה,לא ביתי,אחר,"נסגר ידנית ע""י נגה",נדחה,4
2024/12,מספקים וירטואליים,תחרות באספקה,לא ביתי,בעיות במילוי בקשת הניוד,פרטי הזדהות איש קשר לא תקינים,נדחה,4
2025/01,מספקים עם אמצעי ייצור,אסדרה קיימת,ביתי,אושר לניוד,תהליך הניוד הושלם,הושלם,14229
2025/01,מספקים עם אמצעי ייצור,אסדרה קיימת,ביתי,אושר לניוד,תהליך ניוד הושלם,הושלם,9
2025/01,מספקים עם אמצעי ייצור,אסדרה קיימת,לא ביתי,אושר לניוד,תהליך הניוד הושלם,הושלם,1248
2025/01,מספקים וירטואליים,תחרות באספקה,ביתי,אושר לניוד,תהליך הניוד הושלם,הושלם,12188
2025/01,מספקים וירטואליים,תחרות באספקה,ביתי,אושר לניוד,תהליך ניוד הושלם,הושלם,4
2025/01,מספקים וירטואליים,תחרות באספקה,לא ביתי,אושר לניוד,תהליך הניוד הושלם,הושלם,664
2025/01,מספקים עם אמצעי ייצור,אסדרה קיימת,ביתי,אחר,"בוטל ידנית ע""י המספק",נדחה,186
2025/01,מספקים עם אמצעי ייצור,אסדרה קיימת,ביתי,אחר,החוזה לא פעיל - יש לקבל מהצרכן חוזה חדש,נדחה,2
2025/01,מספקים עם אמצעי ייצור,אסדרה קיימת,ביתי,אחר,החלפת לקוחות או סיום חוזה,נדחה,47
2025/01,מספקים עם אמצעי ייצור,אסדרה קיימת,ביתי,בעיות במילוי בקשת הניוד,המונה שהוגש לא קיים תחת החוזה,נדחה,23
2025/01,מספקים עם אמצעי ייצור,אסדרה קיימת,ביתי,בעיות במילוי בקשת הניוד,לא התקבלה קריאת מונה תקינה במועד הנדרש לפי אמות המידה,נדחה,4919
2025/01,מספקים עם אמצעי ייצור,אסדרה קיימת,ביתי,בעיות במילוי בקשת הניוד,לא כל מוני החוזה הוגשו,נדחה,81
2025/01,מספקים עם אמצעי ייצור,אסדרה קיימת,ביתי,בעיות במילוי בקשת הניוד,לא ניתן לנייד מונה בסיסי בתעריף שאינו ביתי,נדחה,3
2025/01,מספקים עם אמצעי ייצור,אסדרה קיימת,ביתי,אחר,"לא ניתן לנייד מונה בסיסי מסוג מת""ם/תעו""ז/בעל ייצור",נדחה,55
2025/01,מספקים עם אמצעי ייצור,אסדרה קיימת,ביתי,בעיות תקשורת במונה,לפחות אחד המונים אינו בר ניוד,נדחה,88
2025/01,מספקים עם אמצעי ייצור,אסדרה קיימת,ביתי,אחר,"לפחות אחד המונים בתהליך הקמה במערכות חח""י",נדחה,1
2025/01,מספקים עם אמצעי ייצור,אסדרה קיימת,ביתי,בעיות במילוי בקשת הניוד,מספר זיהוי הלקוח אינו משויך אל חשבון החוזה,נדחה,437
2025/01,מספקים עם אמצעי ייצור,אסדרה קיימת,ביתי,אחר,נויד למספק ברירת מחדל,נדחה,7
2025/01,מספקים עם אמצעי ייצור,אסדרה קיימת,ביתי,אחר,נחתם ייפוי כוח מאוחר יותר למספק אחר,נדחה,147
2025/01,מספקים עם אמצעי ייצור,אסדרה קיימת,ביתי,אחר,"נסגר ידנית ע""י נגה",נדחה,1
2025/01,מספקים עם אמצעי ייצור,אסדרה קיימת,ביתי,בעיות במילוי בקשת הניוד,פרטי הזדהות איש קשר לא תקינים,נדחה,1
2025/01,מספקים עם אמצעי ייצור,אסדרה קיימת,לא ביתי,אחר,"בוטל ידנית ע""י המספק",נדחה,20
2025/01,מספקים עם אמצעי ייצור,אסדרה קיימת,לא ביתי,אחר,החוזה לא פעיל - יש לקבל מהצרכן חוזה חדש,נדחה,151
2025/01,מספקים עם אמצעי ייצור,אסדרה קיימת,לא ביתי,אחר,החלפת לקוחות או סיום חוזה,נדחה,2
2025/01,מספקים עם אמצעי ייצור,אסדרה קיימת,לא ביתי,בעיות במילוי בקשת הניוד,המונה שהוגש לא קיים תחת החוזה,נדחה,802
2025/01,מספקים עם אמצעי ייצור,אסדרה קיימת,לא ביתי,בעיות במילוי בקשת הניוד,חוזה זה כבר קיים למספק זה,נדחה,209
2025/01,מספקים עם אמצעי ייצור,אסדרה קיימת,לא ביתי,אחר,חשבון חוזה לא קיים - מספר לא תקין,נדחה,39
2025/01,מספקים עם אמצעי ייצור,אסדרה קיימת,לא ביתי,בעיות במילוי בקשת הניוד,לא כל מוני החוזה הוגשו,נדחה,59
2025/01,מספקים עם אמצעי ייצור,אסדרה קיימת,לא ביתי,בעיות במילוי בקשת הניוד,לא כל שדות החובה הוגשו,נדחה,2
2025/01,מספקים עם אמצעי ייצור,אסדרה קיימת,לא ביתי,בעיות במילוי בקשת הניוד,לא ניתן לנייד מונה בסיסי בתעריף שאינו ביתי,נדחה,294
2025/01,מספקים עם אמצעי ייצור,אסדרה קיימת,לא ביתי,אחר,לא ניתן לנייד מונה ייצור בסימן ז'2 למספק בעל אמצעי ייצור,נדחה,2
2025/01,מספקים עם אמצעי ייצור,אסדרה קיימת,לא ביתי,בעיות תקשורת במונה,לפחות אחד המונים אינו בר ניוד,נדחה,4
2025/01,מספקים עם אמצעי ייצור,אסדרה קיימת,לא ביתי,אחר,"לפחות אחד המונים בתהליך הקמה במערכות חח""י",נדחה,4
2025/01,מספקים עם אמצעי ייצור,אסדרה קיימת,לא ביתי,בעיות במילוי בקשת הניוד,מספר זיהוי הלקוח אינו משויך אל חשבון החוזה,נדחה,123
2025/01,מספקים עם אמצעי ייצור,אסדרה קיימת,לא ביתי,אחר,נדחה בשל אי מענה ממשקים,נדחה,9
2025/01,מספקים עם אמצעי ייצור,אסדרה קיימת,לא ביתי,בעיות במילוי בקשת הניוד,פרטי הזדהות איש קשר לא תקינים,נדחה,16
2025/01,מספקים וירטואליים,תחרות באספקה,ביתי,אחר,"בוטל ידנית ע""י המספק",נדחה,197
2025/01,מספקים וירטואליים,תחרות באספקה,ביתי,אחר,החוזה לא פעיל - יש לקבל מהצרכן חוזה חדש,נדחה,1
2025/01,מספקים וירטואליים,תחרות באספקה,ביתי,אחר,החלפת לקוחות או סיום חוזה,נדחה,76
2025/01,מספקים וירטואליים,תחרות באספקה,ביתי,בעיות במילוי בקשת הניוד,חוזה זה כבר קיים למספק זה,נדחה,159
2025/01,מספקים וירטואליים,תחרות באספקה,ביתי,אחר,"חסר מידע ממערכות חח""י",נדחה,3
2025/01,מספקים וירטואליים,תחרות באספקה,ביתי,בעיות במילוי בקשת הניוד,לא התקבלה קריאת מונה תקינה במועד הנדרש לפי אמות המידה,נדחה,6551
2025/01,מספקים וירטואליים,תחרות באספקה,ביתי,בעיות במילוי בקשת הניוד,לא כל מוני החוזה הוגשו,נדחה,17
2025/01,מספקים וירטואליים,תחרות באספקה,ביתי,בעיות במילוי בקשת הניוד,לא ניתן לנייד מונה בסיסי בתעריף שאינו ביתי,נדחה,2
2025/01,מספקים וירטואליים,תחרות באספקה,ביתי,אחר,"לא ניתן לנייד מונה בסיסי מסוג מת""ם/תעו""ז/בעל ייצור",נדחה,64
2025/01,מספקים וירטואליים,תחרות באספקה,ביתי,בעיות תקשורת במונה,לפחות אחד המונים אינו בר ניוד,נדחה,65
2025/01,מספקים וירטואליים,תחרות באספקה,ביתי,אחר,"לפחות אחד המונים בתהליך הקמה במערכות חח""י",נדחה,1
2025/01,מספקים וירטואליים,תחרות באספקה,ביתי,בעיות במילוי בקשת הניוד,מספר זיהוי הלקוח אינו משויך אל חשבון החוזה,נדחה,112
2025/01,מספקים וירטואליים,תחרות באספקה,ביתי,אחר,נדחה בשל אי מענה ממשקים,נדחה,36
2025/01,מספקים וירטואליים,תחרות באספקה,ביתי,אחר,נחתם ייפוי כוח מאוחר יותר למספק אחר,נדחה,117
2025/01,מספקים וירטואליים,תחרות באספקה,ביתי,בעיות במילוי בקשת הניוד,פרטי הזדהות איש קשר לא תקינים,נדחה,1
2025/01,מספקים וירטואליים,תחרות באספקה,לא ביתי,אחר,אי תאימות במונים שהוגשו,נדחה,14
2025/01,מספקים וירטואליים,תחרות באספקה,לא ביתי,אחר,"בוטל ידנית ע""י המספק",נדחה,6
2025/01,מספקים וירטואליים,תחרות באספקה,לא ביתי,אחר,החוזה לא פעיל - יש לקבל מהצרכן חוזה חדש,נדחה,84
2025/01,מספקים וירטואליים,תחרות באספקה,לא ביתי,אחר,החלפת לקוחות או סיום חוזה,נדחה,2
2025/01,מספקים וירטואליים,תחרות באספקה,לא ביתי,בעיות במילוי בקשת הניוד,המונה שהוגש לא קיים תחת החוזה,נדחה,67
2025/01,מספקים וירטואליים,תחרות באספקה,לא ביתי,בעיות במילוי בקשת הניוד,חוזה זה כבר קיים למספק זה,נדחה,168
2025/01,מספקים וירטואליים,תחרות באספקה,לא ביתי,אחר,חשבון חוזה לא קיים - מספר לא תקין,נדחה,42
2025/01,מספקים וירטואליים,תחרות באספקה,לא ביתי,בעיות במילוי בקשת הניוד,לא כל מוני החוזה הוגשו,נדחה,1
2025/01,מספקים וירטואליים,תחרות באספקה,לא ביתי,בעיות במילוי בקשת הניוד,לא כל שדות החובה הוגשו,נדחה,8
2025/01,מספקים וירטואליים,תחרות באספקה,לא ביתי,בעיות במילוי בקשת הניוד,לא ניתן לנייד מונה בסיסי בתעריף שאינו ביתי,נדחה,347
2025/01,מספקים וירטואליים,תחרות באספקה,לא ביתי,בעיות במילוי בקשת הניוד,לא נמצא איש קשר עבור החוזה,נדחה,1
2025/01,מספקים וירטואליים,תחרות באספקה,לא ביתי,בעיות תקשורת במונה,לפחות אחד המונים אינו בר ניוד,נדחה,2
2025/01,מספקים וירטואליים,תחרות באספקה,לא ביתי,בעיות במילוי בקשת הניוד,לפחות באחד המונים נמצאה אי תאימות בסוג אסדרת המונה,נדחה,1
2025/01,מספקים וירטואליים,תחרות באספקה,לא ביתי,בעיות במילוי בקשת הניוד,מספר זיהוי הלקוח אינו משויך אל חשבון החוזה,נדחה,62
2025/01,מספקים וירטואליים,תחרות באספקה,לא ביתי,אחר,נדחה בשל אי מענה ממשקים,נדחה,9
2025/01,מספקים וירטואליים,תחרות באספקה,לא ביתי,בעיות במילוי בקשת הניוד,פרטי הזדהות איש קשר לא תקינים,נדחה,30
2025/01,מספקים וירטואליים,תחרות באספקה,לא ביתי,בעיות במילוי בקשת הניוד,תאריך מבוקש לניוד לא תקין,נדחה,2667
2025/02,מספקים עם אמצעי ייצור,אסדרה קיימת,ביתי,אושר לניוד,תהליך הניוד הושלם,הושלם,26585
2025/02,מספקים עם אמצעי ייצור,אסדרה קיימת,לא ביתי,אושר לניוד,תהליך הניוד הושלם,הושלם,957
2025/02,מספקים וירטואליים,תחרות באספקה,ביתי,אושר לניוד,תהליך הניוד הושלם,הושלם,21045
2025/02,מספקים וירטואליים,תחרות באספקה,לא ביתי,אושר לניוד,תהליך הניוד הושלם,הושלם,952
2025/02,מספקים עם אמצעי ייצור,אסדרה קיימת,ביתי,אחר,"בוטל ידנית ע""י המספק",נדחה,220
2025/02,מספקים עם אמצעי ייצור,אסדרה קיימת,ביתי,אחר,החוזה לא פעיל - יש לקבל מהצרכן חוזה חדש,נדחה,6
2025/02,מספקים עם אמצעי ייצור,אסדרה קיימת,ביתי,אחר,החלפת לקוחות או סיום חוזה,נדחה,102
2025/02,מספקים עם אמצעי ייצור,אסדרה קיימת,ביתי,בעיות במילוי בקשת הניוד,המונה שהוגש לא קיים תחת החוזה,נדחה,3279
2025/02,מספקים עם אמצעי ייצור,אסדרה קיימת,ביתי,אחר,"חסר מידע ממערכות חח""י",נדחה,1
2025/02,מספקים עם אמצעי ייצור,אסדרה קיימת,ביתי,ייפוי כוח חסר/לא תקין,ייפוי כוח חסר/לא תקין,נדחה,1
2025/02,מספקים עם אמצעי ייצור,אסדרה קיימת,ביתי,בעיות במילוי בקשת הניוד,לא התקבלה קריאת מונה תקינה במועד הנדרש לפי אמות המידה,נדחה,8266
2025/02,מספקים עם אמצעי ייצור,אסדרה קיימת,ביתי,בעיות במילוי בקשת הניוד,לא כל מוני החוזה הוגשו,נדחה,214
2025/02,מספקים עם אמצעי ייצור,אסדרה קיימת,ביתי,בעיות במילוי בקשת הניוד,לא ניתן לנייד מונה בסיסי בתעריף שאינו ביתי,נדחה,4
2025/02,מספקים עם אמצעי ייצור,אסדרה קיימת,ביתי,אחר,"לא ניתן לנייד מונה בסיסי מסוג מת""ם/תעו""ז/בעל ייצור",נדחה,36
2025/02,מספקים עם אמצעי ייצור,אסדרה קיימת,ביתי,בעיות תקשורת במונה,לפחות אחד המונים אינו בר ניוד,נדחה,101
2025/02,מספקים עם אמצעי ייצור,אסדרה קיימת,ביתי,בעיות במילוי בקשת הניוד,מספר זיהוי הלקוח אינו משויך אל חשבון החוזה,נדחה,407
2025/02,מספקים עם אמצעי ייצור,אסדרה קיימת,ביתי,אחר,נחתם ייפוי כוח מאוחר יותר למספק אחר,נדחה,488
2025/02,מספקים עם אמצעי ייצור,אסדרה קיימת,ביתי,אחר,"נסגר ידנית ע""י נגה",נדחה,2
2025/02,מספקים עם אמצעי ייצור,אסדרה קיימת,ביתי,בעיות במילוי בקשת הניוד,פרטי הזדהות איש קשר לא תקינים,נדחה,1
2025/02,מספקים עם אמצעי ייצור,אסדרה קיימת,לא ביתי,אחר,אי תאימות במונים שהוגשו,נדחה,3
2025/02,מספקים עם אמצעי ייצור,אסדרה קיימת,לא ביתי,בעיות במילוי בקשת הניוד,איש הקשר של המספק אינו מורשה חתימה,נדחה,514
2025/02,מספקים עם אמצעי ייצור,אסדרה קיימת,לא ביתי,אחר,"בוטל ידנית ע""י המספק",נדחה,113
2025/02,מספקים עם אמצעי ייצור,אסדרה קיימת,לא ביתי,אחר,החוזה לא פעיל - יש לקבל מהצרכן חוזה חדש,נדחה,231
2025/02,מספקים עם אמצעי ייצור,אסדרה קיימת,לא ביתי,אחר,החלפת לקוחות או סיום חוזה,נדחה,2
2025/02,מספקים עם אמצעי ייצור,אסדרה קיימת,לא ביתי,בעיות במילוי בקשת הניוד,המונה שהוגש לא קיים תחת החוזה,נדחה,484
2025/02,מספקים עם אמצעי ייצור,אסדרה קיימת,לא ביתי,אחר,חשבון חוזה לא קיים - מספר לא תקין,נדחה,44
2025/02,מספקים עם אמצעי ייצור,אסדרה קיימת,לא ביתי,בעיות במילוי בקשת הניוד,לא כל מוני החוזה הוגשו,נדחה,26
2025/02,מספקים עם אמצעי ייצור,אסדרה קיימת,לא ביתי,בעיות במילוי בקשת הניוד,לא כל שדות החובה הוגשו,נדחה,512
2025/02,מספקים עם אמצעי ייצור,אסדרה קיימת,לא ביתי,בעיות במילוי בקשת הניוד,לא ניתן לנייד מונה בסיסי בתעריף שאינו ביתי,נדחה,302
2025/02,מספקים עם אמצעי ייצור,אסדרה קיימת,לא ביתי,בעיות תקשורת במונה,לפחות אחד המונים אינו בר ניוד,נדחה,1
2025/02,מספקים עם אמצעי ייצור,אסדרה קיימת,לא ביתי,אחר,"לפחות אחד המונים בתהליך הקמה במערכות חח""י",נדחה,4
2025/02,מספקים עם אמצעי ייצור,אסדרה קיימת,לא ביתי,בעיות במילוי בקשת הניוד,מספר זיהוי הלקוח אינו משויך אל חשבון החוזה,נדחה,139
2025/02,מספקים עם אמצעי ייצור,אסדרה קיימת,לא ביתי,אחר,נחתם ייפוי כוח מאוחר יותר למספק אחר,נדחה,6
2025/02,מספקים עם אמצעי ייצור,אסדרה קיימת,לא ביתי,אחר,"נסגר ידנית ע""י נגה",נדחה,1
2025/02,מספקים עם אמצעי ייצור,אסדרה קיימת,לא ביתי,בעיות במילוי בקשת הניוד,פרטי הזדהות איש קשר לא תקינים,נדחה,124
2025/02,מספקים וירטואליים,תחרות באספקה,ביתי,אחר,"בוטל ידנית ע""י המספק",נדחה,186
2025/02,מספקים וירטואליים,תחרות באספקה,ביתי,אחר,החוזה לא פעיל - יש לקבל מהצרכן חוזה חדש,נדחה,6
2025/02,מספקים וירטואליים,תחרות באספקה,ביתי,אחר,החלפת לקוחות או סיום חוזה,נדחה,85
2025/02,מספקים וירטואליים,תחרות באספקה,ביתי,בעיות במילוי בקשת הניוד,המונה שהוגש לא קיים תחת החוזה,נדחה,41
2025/02,מספקים וירטואליים,תחרות באספקה,ביתי,בעיות במילוי בקשת הניוד,לא התקבלה קריאת מונה תקינה במועד הנדרש לפי אמות המידה,נדחה,6596
2025/02,מספקים וירטואליים,תחרות באספקה,ביתי,בעיות במילוי בקשת הניוד,לא כל מוני החוזה הוגשו,נדחה,52
2025/02,מספקים וירטואליים,תחרות באספקה,ביתי,בעיות במילוי בקשת הניוד,לא ניתן לנייד מונה בסיסי בתעריף שאינו ביתי,נדחה,81
2025/02,מספקים וירטואליים,תחרות באספקה,ביתי,אחר,"לא ניתן לנייד מונה בסיסי מסוג מת""ם/תעו""ז/בעל ייצור",נדחה,90
2025/02,מספקים וירטואליים,תחרות באספקה,ביתי,בעיות תקשורת במונה,לפחות אחד המונים אינו בר ניוד,נדחה,59
2025/02,מספקים וירטואליים,תחרות באספקה,ביתי,אחר,"לפחות אחד המונים בתהליך הקמה במערכות חח""י",נדחה,1
2025/02,מספקים וירטואליים,תחרות באספקה,ביתי,בעיות במילוי בקשת הניוד,מספר זיהוי הלקוח אינו משויך אל חשבון החוזה,נדחה,146
2025/02,מספקים וירטואליים,תחרות באספקה,ביתי,אחר,נחתם ייפוי כוח מאוחר יותר למספק אחר,נדחה,432
2025/02,מספקים וירטואליים,תחרות באספקה,ביתי,אחר,"נסגר ידנית ע""י נגה",נדחה,2
2025/02,מספקים וירטואליים,תחרות באספקה,לא ביתי,אחר,אי תאימות במונים שהוגשו,נדחה,10
2025/02,מספקים וירטואליים,תחרות באספקה,לא ביתי,אחר,"בוטל ידנית ע""י המספק",נדחה,38
2025/02,מספקים וירטואליים,תחרות באספקה,לא ביתי,אחר,החוזה לא פעיל - יש לקבל מהצרכן חוזה חדש,נדחה,127
2025/02,מספקים וירטואליים,תחרות באספקה,לא ביתי,אחר,החלפת לקוחות או סיום חוזה,נדחה,1
2025/02,מספקים וירטואליים,תחרות באספקה,לא ביתי,בעיות במילוי בקשת הניוד,המונה שהוגש לא קיים תחת החוזה,נדחה,594
2025/02,מספקים וירטואליים,תחרות באספקה,לא ביתי,אחר,חשבון חוזה לא קיים - מספר לא תקין,נדחה,35
2025/02,מספקים וירטואליים,תחרות באספקה,לא ביתי,בעיות במילוי בקשת הניוד,לא כל מוני החוזה הוגשו,נדחה,4
2025/02,מספקים וירטואליים,תחרות באספקה,לא ביתי,בעיות במילוי בקשת הניוד,לא כל שדות החובה הוגשו,נדחה,2
2025/02,מספקים וירטואליים,תחרות באספקה,לא ביתי,בעיות במילוי בקשת הניוד,לא ניתן לנייד מונה בסיסי בתעריף שאינו ביתי,נדחה,512
2025/02,מספקים וירטואליים,תחרות באספקה,לא ביתי,בעיות תקשורת במונה,לפחות אחד המונים אינו בר ניוד,נדחה,1
2025/02,מספקים וירטואליים,תחרות באספקה,לא ביתי,בעיות במילוי בקשת הניוד,לפחות באחד המונים נמצאה אי תאימות בסוג אסדרת המונה,נדחה,3
2025/02,מספקים וירטואליים,תחרות באספקה,לא ביתי,בעיות במילוי בקשת הניוד,מספר זיהוי הלקוח אינו משויך אל חשבון החוזה,נדחה,62
2025/02,מספקים וירטואליים,תחרות באספקה,לא ביתי,אחר,נחתם ייפוי כוח מאוחר יותר למספק אחר,נדחה,16
2025/02,מספקים וירטואליים,תחרות באספקה,לא ביתי,בעיות במילוי בקשת הניוד,פרטי הזדהות איש קשר לא תקינים,נדחה,85
2025/03,מספקים עם אמצעי ייצור,אסדרה קיימת,ביתי,אושר לניוד,תהליך הניוד הושלם,הושלם,10683
2025/03,מספקים עם אמצעי ייצור,אסדרה קיימת,לא ביתי,אושר לניוד,תהליך הניוד הושלם,הושלם,191
2025/03,מספקים וירטואליים,תחרות באספקה,ביתי,אושר לניוד,תהליך הניוד הושלם,הושלם,11791
2025/03,מספקים וירטואליים,תחרות באספקה,לא ביתי,אושר לניוד,תהליך הניוד הושלם,הושלם,1101
2025/03,מספקים עם אמצעי ייצור,אסדרה קיימת,ביתי,אחר,אי תאימות במונים שהוגשו,נדחה,2
2025/03,מספקים עם אמצעי ייצור,אסדרה קיימת,ביתי,אחר,"בוטל ידנית ע""י המספק",נדחה,201
2025/03,מספקים עם אמצעי ייצור,אסדרה קיימת,ביתי,אחר,החוזה לא פעיל - יש לקבל מהצרכן חוזה חדש,נדחה,6
2025/03,מספקים עם אמצעי ייצור,אסדרה קיימת,ביתי,אחר,החלפת לקוחות או סיום חוזה,נדחה,24
2025/03,מספקים עם אמצעי ייצור,אסדרה קיימת,ביתי,בעיות במילוי בקשת הניוד,המונה שהוגש לא קיים תחת החוזה,נדחה,206
2025/03,מספקים עם אמצעי ייצור,אסדרה קיימת,ביתי,בעיות במילוי בקשת הניוד,חוזה זה כבר קיים למספק זה,נדחה,6
2025/03,מספקים עם אמצעי ייצור,אסדרה קיימת,ביתי,אחר,"חסר מידע ממערכות חח""י",נדחה,14
2025/03,מספקים עם אמצעי ייצור,אסדרה קיימת,ביתי,בעיות במילוי בקשת הניוד,לא התקבלה קריאת מונה תקינה במועד הנדרש לפי אמות המידה,נדחה,3144
2025/03,מספקים עם אמצעי ייצור,אסדרה קיימת,ביתי,בעיות במילוי בקשת הניוד,לא כל מוני החוזה הוגשו,נדחה,97
2025/03,מספקים עם אמצעי ייצור,אסדרה קיימת,ביתי,בעיות במילוי בקשת הניוד,לא ניתן לנייד מונה בסיסי בתעריף שאינו ביתי,נדחה,33
2025/03,מספקים עם אמצעי ייצור,אסדרה קיימת,ביתי,אחר,"לא ניתן לנייד מונה בסיסי מסוג מת""ם/תעו""ז/בעל ייצור",נדחה,2
2025/03,מספקים עם אמצעי ייצור,אסדרה קיימת,ביתי,בעיות תקשורת במונה,לפחות אחד המונים אינו בר ניוד,נדחה,93
2025/03,מספקים עם אמצעי ייצור,אסדרה קיימת,ביתי,בעיות במילוי בקשת הניוד,מספר זיהוי הלקוח אינו משויך אל חשבון החוזה,נדחה,340
2025/03,מספקים עם אמצעי ייצור,אסדרה קיימת,ביתי,אחר,נחתם ייפוי כוח מאוחר יותר למספק אחר,נדחה,1172
2025/03,מספקים עם אמצעי ייצור,אסדרה קיימת,לא ביתי,אחר,אי תאימות במונים שהוגשו,נדחה,26
2025/03,מספקים עם אמצעי ייצור,אסדרה קיימת,לא ביתי,אחר,"בוטל ידנית ע""י המספק",נדחה,16
2025/03,מספקים עם אמצעי ייצור,אסדרה קיימת,לא ביתי,אחר,החוזה לא פעיל - יש לקבל מהצרכן חוזה חדש,נדחה,113
2025/03,מספקים עם אמצעי ייצור,אסדרה קיימת,לא ביתי,בעיות במילוי בקשת הניוד,המונה שהוגש לא קיים תחת החוזה,נדחה,358
2025/03,מספקים עם אמצעי ייצור,אסדרה קיימת,לא ביתי,בעיות במילוי בקשת הניוד,חוזה זה כבר קיים למספק זה,נדחה,35
2025/03,מספקים עם אמצעי ייצור,אסדרה קיימת,לא ביתי,אחר,"חסר מידע ממערכות חח""י",נדחה,3
2025/03,מספקים עם אמצעי ייצור,אסדרה קיימת,לא ביתי,אחר,חשבון חוזה לא קיים - מספר לא תקין,נדחה,28
2025/03,מספקים עם אמצעי ייצור,אסדרה קיימת,לא ביתי,ייפוי כוח חסר/לא תקין,ייפוי הכוח לא נחתם,נדחה,4
2025/03,מספקים עם אמצעי ייצור,אסדרה קיימת,לא ביתי,בעיות במילוי בקשת הניוד,לא כל מוני החוזה הוגשו,נדחה,6
2025/03,מספקים עם אמצעי ייצור,אסדרה קיימת,לא ביתי,בעיות במילוי בקשת הניוד,לא כל שדות החובה הוגשו,נדחה,6
2025/03,מספקים עם אמצעי ייצור,אסדרה קיימת,לא ביתי,בעיות במילוי בקשת הניוד,לא ניתן לנייד מונה בסיסי בתעריף שאינו ביתי,נדחה,188
2025/03,מספקים עם אמצעי ייצור,אסדרה קיימת,לא ביתי,בעיות במילוי בקשת הניוד,מספר זיהוי הלקוח אינו משויך אל חשבון החוזה,נדחה,106
2025/03,מספקים עם אמצעי ייצור,אסדרה קיימת,לא ביתי,אחר,נחתם ייפוי כוח מאוחר יותר למספק אחר,נדחה,3
2025/03,מספקים עם אמצעי ייצור,אסדרה קיימת,לא ביתי,בעיות במילוי בקשת הניוד,פרטי הזדהות איש קשר לא תקינים,נדחה,58
2025/03,מספקים וירטואליים,תחרות באספקה,ביתי,אחר,אי תאימות במונים שהוגשו,נדחה,5
2025/03,מספקים וירטואליים,תחרות באספקה,ביתי,אחר,"בוטל ידנית ע""י המספק",נדחה,136
2025/03,מספקים וירטואליים,תחרות באספקה,ביתי,אחר,החוזה לא פעיל - יש לקבל מהצרכן חוזה חדש,נדחה,9
2025/03,מספקים וירטואליים,תחרות באספקה,ביתי,אחר,החלפת לקוחות או סיום חוזה,נדחה,30
2025/03,מספקים וירטואליים,תחרות באספקה,ביתי,בעיות במילוי בקשת הניוד,המונה שהוגש לא קיים תחת החוזה,נדחה,16
2025/03,מספקים וירטואליים,תחרות באספקה,ביתי,בעיות במילוי בקשת הניוד,חוזה זה כבר קיים למספק זה,נדחה,19
2025/03,מספקים וירטואליים,תחרות באספקה,ביתי,אחר,"חסר מידע ממערכות חח""י",נדחה,31
2025/03,מספקים וירטואליים,תחרות באספקה,ביתי,ייפוי כוח חסר/לא תקין,ייפוי הכוח לא נחתם,נדחה,369
2025/03,מספקים וירטואליים,תחרות באספקה,ביתי,בעיות במילוי בקשת הניוד,לא התקבלה קריאת מונה תקינה במועד הנדרש לפי אמות המידה,נדחה,3678
2025/03,מספקים וירטואליים,תחרות באספקה,ביתי,בעיות במילוי בקשת הניוד,לא כל מוני החוזה הוגשו,נדחה,41
2025/03,מספקים וירטואליים,תחרות באספקה,ביתי,בעיות במילוי בקשת הניוד,לא ניתן לנייד מונה בסיסי בתעריף שאינו ביתי,נדחה,67
2025/03,מספקים וירטואליים,תחרות באספקה,ביתי,אחר,"לא ניתן לנייד מונה בסיסי מסוג מת""ם/תעו""ז/בעל ייצור",נדחה,5
2025/03,מספקים וירטואליים,תחרות באספקה,ביתי,אחר,לאחר ייפוי כח תקין,נדחה,1
2025/03,מספקים וירטואליים,תחרות באספקה,ביתי,בעיות תקשורת במונה,לפחות אחד המונים אינו בר ניוד,נדחה,78
2025/03,מספקים וירטואליים,תחרות באספקה,ביתי,בעיות במילוי בקשת הניוד,מספר זיהוי הלקוח אינו משויך אל חשבון החוזה,נדחה,168
2025/03,מספקים וירטואליים,תחרות באספקה,ביתי,אחר,נחתם ייפוי כוח מאוחר יותר למספק אחר,נדחה,1710
2025/03,מספקים וירטואליים,תחרות באספקה,לא ביתי,אחר,אי תאימות במונים שהוגשו,נדחה,36
2025/03,מספקים וירטואליים,תחרות באספקה,לא ביתי,בעיות במילוי בקשת הניוד,איש הקשר של המספק אינו מורשה חתימה,נדחה,1
2025/03,מספקים וירטואליים,תחרות באספקה,לא ביתי,אחר,"בוטל ידנית ע""י המספק",נדחה,6
2025/03,מספקים וירטואליים,תחרות באספקה,לא ביתי,אחר,החוזה לא פעיל - יש לקבל מהצרכן חוזה חדש,נדחה,147
2025/03,מספקים וירטואליים,תחרות באספקה,לא ביתי,אחר,החלפת לקוחות או סיום חוזה,נדחה,1
2025/03,מספקים וירטואליים,תחרות באספקה,לא ביתי,בעיות במילוי בקשת הניוד,המונה שהוגש לא קיים תחת החוזה,נדחה,233
2025/03,מספקים וירטואליים,תחרות באספקה,לא ביתי,בעיות במילוי בקשת הניוד,חוזה זה כבר קיים למספק זה,נדחה,226
2025/03,מספקים וירטואליים,תחרות באספקה,לא ביתי,אחר,"חסר מידע ממערכות חח""י",נדחה,13
2025/03,מספקים וירטואליים,תחרות באספקה,לא ביתי,אחר,חשבון חוזה לא קיים - מספר לא תקין,נדחה,34
2025/03,מספקים וירטואליים,תחרות באספקה,לא ביתי,ייפוי כוח חסר/לא תקין,ייפוי הכוח לא נחתם,נדחה,1
2025/03,מספקים וירטואליים,תחרות באספקה,לא ביתי,בעיות במילוי בקשת הניוד,לא כל מוני החוזה הוגשו,נדחה,4
2025/03,מספקים וירטואליים,תחרות באספקה,לא ביתי,בעיות במילוי בקשת הניוד,לא כל שדות החובה הוגשו,נדחה,27
2025/03,מספקים וירטואליים,תחרות באספקה,לא ביתי,בעיות במילוי בקשת הניוד,לא ניתן לנייד מונה בסיסי בתעריף שאינו ביתי,נדחה,376
2025/03,מספקים וירטואליים,תחרות באספקה,לא ביתי,בעיות תקשורת במונה,לפחות אחד המונים אינו בר ניוד,נדחה,1
2025/03,מספקים וירטואליים,תחרות באספקה,לא ביתי,בעיות במילוי בקשת הניוד,מספר זיהוי הלקוח אינו משויך אל חשבון החוזה,נדחה,54
2025/03,מספקים וירטואליים,תחרות באספקה,לא ביתי,אחר,נחתם ייפוי כוח מאוחר יותר למספק אחר,נדחה,446
2025/03,מספקים וירטואליים,תחרות באספקה,לא ביתי,בעיות במילוי בקשת הניוד,פרטי הזדהות איש קשר לא תקינים,נדחה,83
2025/04,מספקים עם אמצעי ייצור,אסדרה קיימת,ביתי,אושר לניוד,תהליך הניוד הושלם,הושלם,7783
2025/04,מספקים עם אמצעי ייצור,אסדרה קיימת,לא ביתי,אושר לניוד,תהליך הניוד הושלם,הושלם,485
2025/04,מספקים וירטואליים,תחרות באספקה,ביתי,אושר לניוד,תהליך הניוד הושלם,הושלם,13920
2025/04,מספקים וירטואליים,תחרות באספקה,לא ביתי,אושר לניוד,תהליך הניוד הושלם,הושלם,1817
2025/04,מספקים עם אמצעי ייצור,אסדרה קיימת,ביתי,אחר,אי תאימות במונים שהוגשו,נדחה,12
2025/04,מספקים עם אמצעי ייצור,אסדרה קיימת,ביתי,אחר,"בוטל ידנית ע""י המספק",נדחה,224
2025/04,מספקים עם אמצעי ייצור,אסדרה קיימת,ביתי,אחר,החוזה לא פעיל - יש לקבל מהצרכן חוזה חדש,נדחה,2
2025/04,מספקים עם אמצעי ייצור,אסדרה קיימת,ביתי,אחר,החלפת לקוחות או סיום חוזה,נדחה,42
2025/04,מספקים עם אמצעי ייצור,אסדרה קיימת,ביתי,בעיות במילוי בקשת הניוד,המונה שהוגש לא קיים תחת החוזה,נדחה,1
2025/04,מספקים עם אמצעי ייצור,אסדרה קיימת,ביתי,בעיות במילוי בקשת הניוד,חוזה זה כבר קיים למספק זה,נדחה,16
2025/04,מספקים עם אמצעי ייצור,אסדרה קיימת,ביתי,אחר,"חסר מידע ממערכות חח""י",נדחה,8
2025/04,מספקים עם אמצעי ייצור,אסדרה קיימת,ביתי,ייפוי כוח חסר/לא תקין,ייפוי הכוח לא נחתם,נדחה,2
2025/04,מספקים עם אמצעי ייצור,אסדרה קיימת,ביתי,בעיות במילוי בקשת הניוד,לא התקבלה קריאת מונה תקינה במועד הנדרש לפי אמות המידה,נדחה,4695
2025/04,מספקים עם אמצעי ייצור,אסדרה קיימת,ביתי,בעיות במילוי בקשת הניוד,לא כל מוני החוזה הוגשו,נדחה,95
2025/04,מספקים עם אמצעי ייצור,אסדרה קיימת,ביתי,בעיות במילוי בקשת הניוד,לא ניתן לנייד מונה בסיסי בתעריף שאינו ביתי,נדחה,2
2025/04,מספקים עם אמצעי ייצור,אסדרה קיימת,ביתי,אחר,"לא ניתן לנייד מונה בסיסי מסוג מת""ם/תעו""ז/בעל ייצור",נדחה,29
2025/04,מספקים עם אמצעי ייצור,אסדרה קיימת,ביתי,בעיות תקשורת במונה,לפחות אחד המונים אינו בר ניוד,נדחה,126
2025/04,מספקים עם אמצעי ייצור,אסדרה קיימת,ביתי,אחר,נחתם ייפוי כוח מאוחר יותר למספק אחר,נדחה,803
2025/04,מספקים עם אמצעי ייצור,אסדרה קיימת,לא ביתי,אחר,אחר,נדחה,6
2025/04,מספקים עם אמצעי ייצור,אסדרה קיימת,לא ביתי,אחר,אי תאימות במונים שהוגשו,נדחה,43
2025/04,מספקים עם אמצעי ייצור,אסדרה קיימת,לא ביתי,בעיות במילוי בקשת הניוד,איש הקשר של המספק אינו מורשה חתימה,נדחה,3
2025/04,מספקים עם אמצעי ייצור,אסדרה קיימת,לא ביתי,אחר,"בוטל ידנית ע""י המספק",נדחה,59
2025/04,מספקים עם אמצעי ייצור,אסדרה קיימת,לא ביתי,אחר,בחוזה קיים מונה ייצור במתח עליון - לא ניתן לנייד למספק,נדחה,2
2025/04,מספקים עם אמצעי ייצור,אסדרה קיימת,לא ביתי,אחר,החוזה לא פעיל - יש לקבל מהצרכן חוזה חדש,נדחה,140
2025/04,מספקים עם אמצעי ייצור,אסדרה קיימת,לא ביתי,אחר,החלפת לקוחות או סיום חוזה,נדחה,2
2025/04,מספקים עם אמצעי ייצור,אסדרה קיימת,לא ביתי,בעיות במילוי בקשת הניוד,המונה שהוגש לא קיים תחת החוזה,נדחה,588
2025/04,מספקים עם אמצעי ייצור,אסדרה קיימת,לא ביתי,בעיות במילוי בקשת הניוד,חוזה זה כבר קיים למספק זה,נדחה,86
2025/04,מספקים עם אמצעי ייצור,אסדרה קיימת,לא ביתי,אחר,"חסר מידע ממערכות חח""י",נדחה,1
2025/04,מספקים עם אמצעי ייצור,אסדרה קיימת,לא ביתי,אחר,חשבון חוזה לא קיים - מספר לא תקין,נדחה,39
2025/04,מספקים עם אמצעי ייצור,אסדרה קיימת,לא ביתי,בעיות במילוי בקשת הניוד,לא כל מוני החוזה הוגשו,נדחה,10
2025/04,מספקים עם אמצעי ייצור,אסדרה קיימת,לא ביתי,בעיות במילוי בקשת הניוד,לא כל שדות החובה הוגשו,נדחה,3
2025/04,מספקים עם אמצעי ייצור,אסדרה קיימת,לא ביתי,בעיות במילוי בקשת הניוד,לא ניתן לנייד מונה בסיסי בתעריף שאינו ביתי,נדחה,209
2025/04,מספקים עם אמצעי ייצור,אסדרה קיימת,לא ביתי,בעיות תקשורת במונה,לפחות אחד המונים אינו בר ניוד,נדחה,4
2025/04,מספקים עם אמצעי ייצור,אסדרה קיימת,לא ביתי,אחר,"לפחות אחד המונים בתהליך הקמה במערכות חח""י",נדחה,2
2025/04,מספקים עם אמצעי ייצור,אסדרה קיימת,לא ביתי,בעיות במילוי בקשת הניוד,מספר זיהוי הלקוח אינו משויך אל חשבון החוזה,נדחה,427
2025/04,מספקים עם אמצעי ייצור,אסדרה קיימת,לא ביתי,אחר,נדחה בשל אי מענה ממשקים,נדחה,1
2025/04,מספקים עם אמצעי ייצור,אסדרה קיימת,לא ביתי,אחר,נחתם ייפוי כוח מאוחר יותר למספק אחר,נדחה,9
2025/04,מספקים עם אמצעי ייצור,אסדרה קיימת,לא ביתי,בעיות במילוי בקשת הניוד,פרטי הזדהות איש קשר לא תקינים,נדחה,70
2025/04,מספקים וירטואליים,תחרות באספקה,ביתי,אחר,אי תאימות במונים שהוגשו,נדחה,29
2025/04,מספקים וירטואליים,תחרות באספקה,ביתי,אחר,"בוטל ידנית ע""י המספק",נדחה,213
2025/04,מספקים וירטואליים,תחרות באספקה,ביתי,אחר,החוזה לא פעיל - יש לקבל מהצרכן חוזה חדש,נדחה,1
2025/04,מספקים וירטואליים,תחרות באספקה,ביתי,אחר,החלפת לקוחות או סיום חוזה,נדחה,43
2025/04,מספקים וירטואליים,תחרות באספקה,ביתי,בעיות במילוי בקשת הניוד,המונה שהוגש לא קיים תחת החוזה,נדחה,2
2025/04,מספקים וירטואליים,תחרות באספקה,ביתי,בעיות במילוי בקשת הניוד,הצרכן חתם על ייפוי כוח לניוד לשני מספקים באותו מועד - יש לפנות לצרכן לבירור ועדכון מועד החתימה,נדחה,1682
2025/04,מספקים וירטואליים,תחרות באספקה,ביתי,בעיות במילוי בקשת הניוד,חוזה זה כבר קיים למספק זה,נדחה,102
2025/04,מספקים וירטואליים,תחרות באספקה,ביתי,אחר,"חסר מידע ממערכות חח""י",נדחה,3
2025/04,מספקים וירטואליים,תחרות באספקה,ביתי,ייפוי כוח חסר/לא תקין,ייפוי הכוח לא נחתם,נדחה,70
2025/04,מספקים וירטואליים,תחרות באספקה,ביתי,בעיות במילוי בקשת הניוד,לא התקבלה קריאת מונה תקינה במועד הנדרש לפי אמות המידה,נדחה,3637
2025/04,מספקים וירטואליים,תחרות באספקה,ביתי,בעיות במילוי בקשת הניוד,לא כל מוני החוזה הוגשו,נדחה,47
2025/04,מספקים וירטואליים,תחרות באספקה,ביתי,בעיות במילוי בקשת הניוד,לא ניתן לנייד מונה בסיסי בתעריף שאינו ביתי,נדחה,1
2025/04,מספקים וירטואליים,תחרות באספקה,ביתי,אחר,"לא ניתן לנייד מונה בסיסי מסוג מת""ם/תעו""ז/בעל ייצור",נדחה,57
2025/04,מספקים וירטואליים,תחרות באספקה,ביתי,בעיות תקשורת במונה,לפחות אחד המונים אינו בר ניוד,נדחה,138
2025/04,מספקים וירטואליים,תחרות באספקה,ביתי,אחר,נחתם ייפוי כוח מאוחר יותר למספק אחר,נדחה,321
2025/04,מספקים וירטואליים,תחרות באספקה,ביתי,אחר,"נסגר ידנית ע""י נגה",נדחה,3
2025/04,מספקים וירטואליים,תחרות באספקה,לא ביתי,אחר,אחר,נדחה,5
2025/04,מספקים וירטואליים,תחרות באספקה,לא ביתי,אחר,אי תאימות במונים שהוגשו,נדחה,44
2025/04,מספקים וירטואליים,תחרות באספקה,לא ביתי,בעיות במילוי בקשת הניוד,איש הקשר של המספק אינו מורשה חתימה,נדחה,11
2025/04,מספקים וירטואליים,תחרות באספקה,לא ביתי,אחר,"בוטל ידנית ע""י המספק",נדחה,5
2025/04,מספקים וירטואליים,תחרות באספקה,לא ביתי,אחר,החוזה לא פעיל - יש לקבל מהצרכן חוזה חדש,נדחה,81
2025/04,מספקים וירטואליים,תחרות באספקה,לא ביתי,אחר,החלפת לקוחות או סיום חוזה,נדחה,2
2025/04,מספקים וירטואליים,תחרות באספקה,לא ביתי,בעיות במילוי בקשת הניוד,המונה שהוגש לא קיים תחת החוזה,נדחה,117
2025/04,מספקים וירטואליים,תחרות באספקה,לא ביתי,בעיות במילוי בקשת הניוד,הצרכן חתם על ייפוי כוח לניוד לשני מספקים באותו מועד - יש לפנות לצרכן לבירור ועדכון מועד החתימה,נדחה,261
2025/04,מספקים וירטואליים,תחרות באספקה,לא ביתי,בעיות במילוי בקשת הניוד,חוזה זה כבר קיים למספק זה,נדחה,125
2025/04,מספקים וירטואליים,תחרות באספקה,לא ביתי,אחר,"חסר מידע ממערכות חח""י",נדחה,12
2025/04,מספקים וירטואליים,תחרות באספקה,לא ביתי,אחר,חשבון חוזה לא קיים - מספר לא תקין,נדחה,20
2025/04,מספקים וירטואליים,תחרות באספקה,לא ביתי,ייפוי כוח חסר/לא תקין,ייפוי הכוח לא נחתם,נדחה,4
2025/04,מספקים וירטואליים,תחרות באספקה,לא ביתי,בעיות במילוי בקשת הניוד,לא כל מוני החוזה הוגשו,נדחה,8
2025/04,מספקים וירטואליים,תחרות באספקה,לא ביתי,בעיות במילוי בקשת הניוד,לא כל שדות החובה הוגשו,נדחה,1775
2025/04,מספקים וירטואליים,תחרות באספקה,לא ביתי,בעיות במילוי בקשת הניוד,לא ניתן לנייד מונה בסיסי בתעריף שאינו ביתי,נדחה,242
2025/04,מספקים וירטואליים,תחרות באספקה,לא ביתי,בעיות תקשורת במונה,לפחות אחד המונים אינו בר ניוד,נדחה,17
2025/04,מספקים וירטואליים,תחרות באספקה,לא ביתי,אחר,"לפחות אחד המונים בתהליך הקמה במערכות חח""י",נדחה,3
2025/04,מספקים וירטואליים,תחרות באספקה,לא ביתי,בעיות במילוי בקשת הניוד,לפחות באחד המונים נמצאה אי תאימות בסוג אסדרת המונה,נדחה,1
2025/04,מספקים וירטואליים,תחרות באספקה,לא ביתי,בעיות במילוי בקשת הניוד,מספר זיהוי הלקוח אינו משויך אל חשבון החוזה,נדחה,159
2025/04,מספקים וירטואליים,תחרות באספקה,לא ביתי,אחר,נחתם ייפוי כוח מאוחר יותר למספק אחר,נדחה,11
2025/04,מספקים וירטואליים,תחרות באספקה,לא ביתי,בעיות במילוי בקשת הניוד,פרטי הזדהות איש קשר לא תקינים,נדחה,61
2025/05,מספקים עם אמצעי ייצור,אסדרה קיימת,ביתי,אושר לניוד,תהליך הניוד הושלם,הושלם,19000
2025/05,מספקים עם אמצעי ייצור,אסדרה קיימת,לא ביתי,אושר לניוד,תהליך הניוד הושלם,הושלם,389
2025/05,מספקים וירטואליים,תחרות באספקה,ביתי,אושר לניוד,תהליך הניוד הושלם,הושלם,11877
2025/05,מספקים וירטואליים,תחרות באספקה,לא ביתי,אושר לניוד,תהליך הניוד הושלם,הושלם,897
2025/05,מספקים עם אמצעי ייצור,אסדרה קיימת,ביתי,אחר,אי תאימות במונים שהוגשו,נדחה,3
2025/05,מספקים עם אמצעי ייצור,אסדרה קיימת,ביתי,אחר,"בוטל ידנית ע""י המספק",נדחה,153
2025/05,מספקים עם אמצעי ייצור,אסדרה קיימת,ביתי,אחר,החוזה לא פעיל - יש לקבל מהצרכן חוזה חדש,נדחה,1
2025/05,מספקים עם אמצעי ייצור,אסדרה קיימת,ביתי,אחר,החלפת לקוחות או סיום חוזה,נדחה,70
2025/05,מספקים עם אמצעי ייצור,אסדרה קיימת,ביתי,בעיות במילוי בקשת הניוד,המונה שהוגש לא קיים תחת החוזה,נדחה,11
2025/05,מספקים עם אמצעי ייצור,אסדרה קיימת,ביתי,בעיות במילוי בקשת הניוד,חוזה זה כבר קיים למספק זה,נדחה,15
2025/05,מספקים עם אמצעי ייצור,אסדרה קיימת,ביתי,ייפוי כוח חסר/לא תקין,ייפוי הכוח לא נחתם,נדחה,26
2025/05,מספקים עם אמצעי ייצור,אסדרה קיימת,ביתי,בעיות במילוי בקשת הניוד,לא התקבלה קריאת מונה תקינה במועד הנדרש לפי אמות המידה,נדחה,5319
2025/05,מספקים עם אמצעי ייצור,אסדרה קיימת,ביתי,בעיות במילוי בקשת הניוד,לא כל מוני החוזה הוגשו,נדחה,115
2025/05,מספקים עם אמצעי ייצור,אסדרה קיימת,ביתי,בעיות במילוי בקשת הניוד,לא ניתן לנייד מונה בסיסי בתעריף שאינו ביתי,נדחה,1
2025/05,מספקים עם אמצעי ייצור,אסדרה קיימת,ביתי,אחר,"לא ניתן לנייד מונה בסיסי מסוג מת""ם/תעו""ז/בעל ייצור",נדחה,31
2025/05,מספקים עם אמצעי ייצור,אסדרה קיימת,ביתי,בעיות תקשורת במונה,לפחות אחד המונים אינו בר ניוד,נדחה,204
2025/05,מספקים עם אמצעי ייצור,אסדרה קיימת,ביתי,אחר,נחתם ייפוי כוח מאוחר יותר למספק אחר,נדחה,304
2025/05,מספקים עם אמצעי ייצור,אסדרה קיימת,לא ביתי,אחר,אי תאימות במונים שהוגשו,נדחה,27
2025/05,מספקים עם אמצעי ייצור,אסדרה קיימת,לא ביתי,אחר,"בוטל ידנית ע""י המספק",נדחה,1
2025/05,מספקים עם אמצעי ייצור,אסדרה קיימת,לא ביתי,אחר,החוזה לא פעיל - יש לקבל מהצרכן חוזה חדש,נדחה,139
2025/05,מספקים עם אמצעי ייצור,אסדרה קיימת,לא ביתי,אחר,החלפת לקוחות או סיום חוזה,נדחה,1
2025/05,מספקים עם אמצעי ייצור,אסדרה קיימת,לא ביתי,בעיות במילוי בקשת הניוד,המונה שהוגש לא קיים תחת החוזה,נדחה,743
2025/05,מספקים עם אמצעי ייצור,אסדרה קיימת,לא ביתי,בעיות במילוי בקשת הניוד,חוזה זה כבר קיים למספק זה,נדחה,48
2025/05,מספקים עם אמצעי ייצור,אסדרה קיימת,לא ביתי,אחר,"חסר מידע ממערכות חח""י",נדחה,1
2025/05,מספקים עם אמצעי ייצור,אסדרה קיימת,לא ביתי,אחר,חשבון חוזה לא קיים - מספר לא תקין,נדחה,29
2025/05,מספקים עם אמצעי ייצור,אסדרה קיימת,לא ביתי,ייפוי כוח חסר/לא תקין,ייפוי הכוח לא נחתם,נדחה,1
2025/05,מספקים עם אמצעי ייצור,אסדרה קיימת,לא ביתי,בעיות במילוי בקשת הניוד,לא כל מוני החוזה הוגשו,נדחה,10
2025/05,מספקים עם אמצעי ייצור,אסדרה קיימת,לא ביתי,בעיות במילוי בקשת הניוד,לא כל שדות החובה הוגשו,נדחה,5
2025/05,מספקים עם אמצעי ייצור,אסדרה קיימת,לא ביתי,בעיות במילוי בקשת הניוד,לא ניתן לנייד מונה בסיסי בתעריף שאינו ביתי,נדחה,108
2025/05,מספקים עם אמצעי ייצור,אסדרה קיימת,לא ביתי,בעיות תקשורת במונה,לפחות אחד המונים אינו בר ניוד,נדחה,2
2025/05,מספקים עם אמצעי ייצור,אסדרה קיימת,לא ביתי,אחר,"לפחות אחד המונים בתהליך הקמה במערכות חח""י",נדחה,2
2025/05,מספקים עם אמצעי ייצור,אסדרה קיימת,לא ביתי,בעיות במילוי בקשת הניוד,מספר זיהוי הלקוח אינו משויך אל חשבון החוזה,נדחה,410
2025/05,מספקים עם אמצעי ייצור,אסדרה קיימת,לא ביתי,אחר,נדחה בשל אי מענה ממשקים,נדחה,12
2025/05,מספקים עם אמצעי ייצור,אסדרה קיימת,לא ביתי,אחר,נחתם ייפוי כוח מאוחר יותר למספק אחר,נדחה,3
2025/05,מספקים עם אמצעי ייצור,אסדרה קיימת,לא ביתי,בעיות במילוי בקשת הניוד,פרטי הזדהות איש קשר לא תקינים,נדחה,43
2025/05,מספקים וירטואליים,תחרות באספקה,ביתי,אחר,אי תאימות במונים שהוגשו,נדחה,13
2025/05,מספקים וירטואליים,תחרות באספקה,ביתי,אחר,"בוטל ידנית ע""י המספק",נדחה,178
2025/05,מספקים וירטואליים,תחרות באספקה,ביתי,אחר,החלפת לקוחות או סיום חוזה,נדחה,42
2025/05,מספקים וירטואליים,תחרות באספקה,ביתי,בעיות במילוי בקשת הניוד,המונה שהוגש לא קיים תחת החוזה,נדחה,3
2025/05,מספקים וירטואליים,תחרות באספקה,ביתי,בעיות במילוי בקשת הניוד,חוזה זה כבר קיים למספק זה,נדחה,65
2025/05,מספקים וירטואליים,תחרות באספקה,ביתי,אחר,"חסר מידע ממערכות חח""י",נדחה,3
2025/05,מספקים וירטואליים,תחרות באספקה,ביתי,ייפוי כוח חסר/לא תקין,ייפוי הכוח לא נחתם,נדחה,165
2025/05,מספקים וירטואליים,תחרות באספקה,ביתי,בעיות במילוי בקשת הניוד,לא התקבלה קריאת מונה תקינה במועד הנדרש לפי אמות המידה,נדחה,4685
2025/05,מספקים וירטואליים,תחרות באספקה,ביתי,בעיות במילוי בקשת הניוד,לא כל מוני החוזה הוגשו,נדחה,26
2025/05,מספקים וירטואליים,תחרות באספקה,ביתי,אחר,"לא ניתן לנייד מונה בסיסי מסוג מת""ם/תעו""ז/בעל ייצור",נדחה,72
2025/05,מספקים וירטואליים,תחרות באספקה,ביתי,בעיות תקשורת במונה,לפחות אחד המונים אינו בר ניוד,נדחה,71
2025/05,מספקים וירטואליים,תחרות באספקה,ביתי,אחר,"לפחות אחד המונים בתהליך הקמה במערכות חח""י",נדחה,2
2025/05,מספקים וירטואליים,תחרות באספקה,ביתי,אחר,נחתם ייפוי כוח מאוחר יותר למספק אחר,נדחה,1681
2025/05,מספקים וירטואליים,תחרות באספקה,לא ביתי,אחר,אי תאימות במונים שהוגשו,נדחה,24
2025/05,מספקים וירטואליים,תחרות באספקה,לא ביתי,אחר,"בוטל ידנית ע""י המספק",נדחה,6
2025/05,מספקים וירטואליים,תחרות באספקה,לא ביתי,אחר,החוזה לא פעיל - יש לקבל מהצרכן חוזה חדש,נדחה,82
2025/05,מספקים וירטואליים,תחרות באספקה,לא ביתי,אחר,החלפת לקוחות או סיום חוזה,נדחה,2
2025/05,מספקים וירטואליים,תחרות באספקה,לא ביתי,בעיות במילוי בקשת הניוד,המונה שהוגש לא קיים תחת החוזה,נדחה,235
2025/05,מספקים וירטואליים,תחרות באספקה,לא ביתי,בעיות במילוי בקשת הניוד,הצרכן חתם על ייפוי כוח לניוד לשני מספקים באותו מועד - יש לפנות לצרכן לבירור ועדכון מועד החתימה,נדחה,14
2025/05,מספקים וירטואליים,תחרות באספקה,לא ביתי,בעיות במילוי בקשת הניוד,חוזה זה כבר קיים למספק זה,נדחה,123
2025/05,מספקים וירטואליים,תחרות באספקה,לא ביתי,אחר,חשבון חוזה לא קיים - מספר לא תקין,נדחה,17
2025/05,מספקים וירטואליים,תחרות באספקה,לא ביתי,ייפוי כוח חסר/לא תקין,ייפוי הכוח לא נחתם,נדחה,7
2025/05,מספקים וירטואליים,תחרות באספקה,לא ביתי,בעיות במילוי בקשת הניוד,לא כל מוני החוזה הוגשו,נדחה,2
2025/05,מספקים וירטואליים,תחרות באספקה,לא ביתי,בעיות במילוי בקשת הניוד,לא כל שדות החובה הוגשו,נדחה,1
2025/05,מספקים וירטואליים,תחרות באספקה,לא ביתי,בעיות במילוי בקשת הניוד,לא ניתן לנייד מונה בסיסי בתעריף שאינו ביתי,נדחה,236
2025/05,מספקים וירטואליים,תחרות באספקה,לא ביתי,בעיות תקשורת במונה,לפחות אחד המונים אינו בר ניוד,נדחה,1
2025/05,מספקים וירטואליים,תחרות באספקה,לא ביתי,אחר,"לפחות אחד המונים בתהליך הקמה במערכות חח""י",נדחה,1
2025/05,מספקים וירטואליים,תחרות באספקה,לא ביתי,בעיות במילוי בקשת הניוד,מספר זיהוי הלקוח אינו משויך אל חשבון החוזה,נדחה,124
2025/05,מספקים וירטואליים,תחרות באספקה,לא ביתי,אחר,נדחה בשל אי מענה ממשקים,נדחה,6
2025/05,מספקים וירטואליים,תחרות באספקה,לא ביתי,אחר,נחתם ייפוי כוח מאוחר יותר למספק אחר,נדחה,22
2025/05,מספקים וירטואליים,תחרות באספקה,לא ביתי,אחר,"נסגר ידנית ע""י נגה",נדחה,1
2025/05,מספקים וירטואליים,תחרות באספקה,לא ביתי,בעיות במילוי בקשת הניוד,פרטי הזדהות איש קשר לא תקינים,נדחה,10
2025/06,מספקים עם אמצעי ייצור,אסדרה קיימת,ביתי,אושר לניוד,עסקה הסתיימה,הושלם,23
2025/06,מספקים עם אמצעי ייצור,אסדרה קיימת,ביתי,אושר לניוד,תהליך הניוד הושלם,הושלם,27692
2025/06,מספקים עם אמצעי ייצור,אסדרה קיימת,לא ביתי,אושר לניוד,תהליך הניוד הושלם,הושלם,1416
2025/06,מספקים וירטואליים,תחרות באספקה,ביתי,אושר לניוד,עסקה הסתיימה,הושלם,13
2025/06,מספקים וירטואליים,תחרות באספקה,ביתי,אושר לניוד,תהליך הניוד הושלם,הושלם,17504
2025/06,מספקים וירטואליים,תחרות באספקה,לא ביתי,אושר לניוד,עסקה הסתיימה,הושלם,1
2025/06,מספקים וירטואליים,תחרות באספקה,לא ביתי,אושר לניוד,תהליך הניוד הושלם,הושלם,1951
2025/06,מספקים עם אמצעי ייצור,אסדרה קיימת,ביתי,אחר,"בוטל ידנית ע""י המספק",נדחה,129
2025/06,מספקים עם אמצעי ייצור,אסדרה קיימת,ביתי,אחר,החוזה לא פעיל - יש לקבל מהצרכן חוזה חדש,נדחה,5
2025/06,מספקים עם אמצעי ייצור,אסדרה קיימת,ביתי,אחר,החלפת לקוחות או סיום חוזה,נדחה,78
2025/06,מספקים עם אמצעי ייצור,אסדרה קיימת,ביתי,בעיות במילוי בקשת הניוד,המונה שהוגש לא קיים תחת החוזה,נדחה,29
2025/06,מספקים עם אמצעי ייצור,אסדרה קיימת,ביתי,בעיות במילוי בקשת הניוד,חוזה זה כבר קיים למספק זה,נדחה,5
2025/06,מספקים עם אמצעי ייצור,אסדרה קיימת,ביתי,אחר,"חסר מידע ממערכות חח""י",נדחה,1
2025/06,מספקים עם אמצעי ייצור,אסדרה קיימת,ביתי,ייפוי כוח חסר/לא תקין,ייפוי הכוח לא נחתם,נדחה,14
2025/06,מספקים עם אמצעי ייצור,אסדרה קיימת,ביתי,בעיות במילוי בקשת הניוד,לא התקבלה קריאת מונה תקינה במועד הנדרש לפי אמות המידה,נדחה,3387
2025/06,מספקים עם אמצעי ייצור,אסדרה קיימת,ביתי,בעיות במילוי בקשת הניוד,לא כל מוני החוזה הוגשו,נדחה,44
2025/06,מספקים עם אמצעי ייצור,אסדרה קיימת,ביתי,אחר,"לא ניתן לנייד מונה בסיסי מסוג מת""ם/תעו""ז/בעל ייצור",נדחה,26
2025/06,מספקים עם אמצעי ייצור,אסדרה קיימת,ביתי,בעיות תקשורת במונה,לפחות אחד המונים אינו בר ניוד,נדחה,1504
2025/06,מספקים עם אמצעי ייצור,אסדרה קיימת,ביתי,אחר,"לפחות אחד המונים בתהליך הקמה במערכות חח""י",נדחה,2
2025/06,מספקים עם אמצעי ייצור,אסדרה קיימת,ביתי,בעיות תקשורת במונה,"לפחות מונה אחד ממתין לעדכון סוג הקריאה ממערכות חח""י",נדחה,3
2025/06,מספקים עם אמצעי ייצור,אסדרה קיימת,ביתי,אחר,נחתם ייפוי כוח מאוחר יותר למספק אחר,נדחה,115
2025/06,מספקים עם אמצעי ייצור,אסדרה קיימת,ביתי,אחר,"נסגר ידנית ע""י נגה",נדחה,34
2025/06,מספקים עם אמצעי ייצור,אסדרה קיימת,לא ביתי,אחר,אי תאימות במונים שהוגשו,נדחה,5
2025/06,מספקים עם אמצעי ייצור,אסדרה קיימת,לא ביתי,אחר,"בוטל ידנית ע""י המספק",נדחה,5
2025/06,מספקים עם אמצעי ייצור,אסדרה קיימת,לא ביתי,אחר,החוזה לא פעיל - יש לקבל מהצרכן חוזה חדש,נדחה,140
2025/06,מספקים עם אמצעי ייצור,אסדרה קיימת,לא ביתי,אחר,החלפת לקוחות או סיום חוזה,נדחה,2
2025/06,מספקים עם אמצעי ייצור,אסדרה קיימת,לא ביתי,בעיות במילוי בקשת הניוד,המונה שהוגש לא קיים תחת החוזה,נדחה,451
2025/06,מספקים עם אמצעי ייצור,אסדרה קיימת,לא ביתי,בעיות במילוי בקשת הניוד,"הצרכן נמצא בהסדר מיוחד מול חח""י יש לסיים את ההסדר כדי להתנייד",נדחה,12
2025/06,מספקים עם אמצעי ייצור,אסדרה קיימת,לא ביתי,בעיות במילוי בקשת הניוד,חוזה זה כבר קיים למספק זה,נדחה,43
2025/06,מספקים עם אמצעי ייצור,אסדרה קיימת,לא ביתי,אחר,"חסר מידע ממערכות חח""י",נדחה,1
2025/06,מספקים עם אמצעי ייצור,אסדרה קיימת,לא ביתי,אחר,חשבון חוזה לא קיים - מספר לא תקין,נדחה,57
2025/06,מספקים עם אמצעי ייצור,אסדרה קיימת,לא ביתי,ייפוי כוח חסר/לא תקין,ייפוי הכוח לא נחתם,נדחה,4
2025/06,מספקים עם אמצעי ייצור,אסדרה קיימת,לא ביתי,בעיות במילוי בקשת הניוד,לא כל מוני החוזה הוגשו,נדחה,11
2025/06,מספקים עם אמצעי ייצור,אסדרה קיימת,לא ביתי,בעיות במילוי בקשת הניוד,לא כל שדות החובה הוגשו,נדחה,5
2025/06,מספקים עם אמצעי ייצור,אסדרה קיימת,לא ביתי,בעיות במילוי בקשת הניוד,לא ניתן לנייד מונה בסיסי בתעריף שאינו ביתי,נדחה,137
2025/06,מספקים עם אמצעי ייצור,אסדרה קיימת,לא ביתי,בעיות תקשורת במונה,לפחות אחד המונים אינו בר ניוד,נדחה,56
2025/06,מספקים עם אמצעי ייצור,אסדרה קיימת,לא ביתי,אחר,"לפחות אחד המונים בתהליך הקמה במערכות חח""י",נדחה,1
2025/06,מספקים עם אמצעי ייצור,אסדרה קיימת,לא ביתי,בעיות במילוי בקשת הניוד,מספר זיהוי הלקוח אינו משויך אל חשבון החוזה,נדחה,484
2025/06,מספקים עם אמצעי ייצור,אסדרה קיימת,לא ביתי,אחר,נחתם ייפוי כוח מאוחר יותר למספק אחר,נדחה,26
2025/06,מספקים עם אמצעי ייצור,אסדרה קיימת,לא ביתי,בעיות במילוי בקשת הניוד,פרטי הזדהות איש קשר לא תקינים,נדחה,75
2025/06,מספקים וירטואליים,תחרות באספקה,ביתי,אחר,אי תאימות במונים שהוגשו,נדחה,8
2025/06,מספקים וירטואליים,תחרות באספקה,ביתי,אחר,"בוטל ידנית ע""י המספק",נדחה,103
2025/06,מספקים וירטואליים,תחרות באספקה,ביתי,אחר,החוזה לא פעיל - יש לקבל מהצרכן חוזה חדש,נדחה,4
2025/06,מספקים וירטואליים,תחרות באספקה,ביתי,אחר,החלפת לקוחות או סיום חוזה,נדחה,66
2025/06,מספקים וירטואליים,תחרות באספקה,ביתי,בעיות במילוי בקשת הניוד,המונה שהוגש לא קיים תחת החוזה,נדחה,23
2025/06,מספקים וירטואליים,תחרות באספקה,ביתי,בעיות במילוי בקשת הניוד,חוזה זה כבר קיים למספק זה,נדחה,108
2025/06,מספקים וירטואליים,תחרות באספקה,ביתי,אחר,"חסר מידע ממערכות חח""י",נדחה,1
2025/06,מספקים וירטואליים,תחרות באספקה,ביתי,ייפוי כוח חסר/לא תקין,ייפוי הכוח לא נחתם,נדחה,1
2025/06,מספקים וירטואליים,תחרות באספקה,ביתי,בעיות במילוי בקשת הניוד,לא התקבלה קריאת מונה תקינה במועד הנדרש לפי אמות המידה,נדחה,3935
2025/06,מספקים וירטואליים,תחרות באספקה,ביתי,בעיות במילוי בקשת הניוד,לא כל מוני החוזה הוגשו,נדחה,31
2025/06,מספקים וירטואליים,תחרות באספקה,ביתי,אחר,"לא ניתן לנייד מונה בסיסי מסוג מת""ם/תעו""ז/בעל ייצור",נדחה,24
2025/06,מספקים וירטואליים,תחרות באספקה,ביתי,בעיות תקשורת במונה,לפחות אחד המונים אינו בר ניוד,נדחה,228
2025/06,מספקים וירטואליים,תחרות באספקה,ביתי,אחר,נחתם ייפוי כוח מאוחר יותר למספק אחר,נדחה,73
2025/06,מספקים וירטואליים,תחרות באספקה,ביתי,אחר,"נסגר ידנית ע""י נגה",נדחה,2
2025/06,מספקים וירטואליים,תחרות באספקה,לא ביתי,אחר,אי תאימות במונים שהוגשו,נדחה,15
2025/06,מספקים וירטואליים,תחרות באספקה,לא ביתי,אחר,"בוטל ידנית ע""י המספק",נדחה,10
2025/06,מספקים וירטואליים,תחרות באספקה,לא ביתי,אחר,החוזה לא פעיל - יש לקבל מהצרכן חוזה חדש,נדחה,54
2025/06,מספקים וירטואליים,תחרות באספקה,לא ביתי,אחר,החלפת לקוחות או סיום חוזה,נדחה,3
2025/06,מספקים וירטואליים,תחרות באספקה,לא ביתי,בעיות במילוי בקשת הניוד,המונה שהוגש לא קיים תחת החוזה,נדחה,110
2025/06,מספקים וירטואליים,תחרות באספקה,לא ביתי,בעיות במילוי בקשת הניוד,"הצרכן נמצא בהסדר מיוחד מול חח""י יש לסיים את ההסדר כדי להתנייד",נדחה,16
2025/06,מספקים וירטואליים,תחרות באספקה,לא ביתי,בעיות במילוי בקשת הניוד,חוזה זה כבר קיים למספק זה,נדחה,61
2025/06,מספקים וירטואליים,תחרות באספקה,לא ביתי,אחר,"חסר מידע ממערכות חח""י",נדחה,3
2025/06,מספקים וירטואליים,תחרות באספקה,לא ביתי,אחר,חשבון חוזה לא קיים - מספר לא תקין,נדחה,10
2025/06,מספקים וירטואליים,תחרות באספקה,לא ביתי,ייפוי כוח חסר/לא תקין,ייפוי הכוח לא נחתם,נדחה,3
2025/06,מספקים וירטואליים,תחרות באספקה,לא ביתי,בעיות במילוי בקשת הניוד,לא כל מוני החוזה הוגשו,נדחה,9
2025/06,מספקים וירטואליים,תחרות באספקה,לא ביתי,בעיות במילוי בקשת הניוד,לא כל שדות החובה הוגשו,נדחה,2
2025/06,מספקים וירטואליים,תחרות באספקה,לא ביתי,בעיות במילוי בקשת הניוד,לא ניתן לנייד מונה בסיסי בתעריף שאינו ביתי,נדחה,149
2025/06,מספקים וירטואליים,תחרות באספקה,לא ביתי,בעיות תקשורת במונה,לפחות אחד המונים אינו בר ניוד,נדחה,62
2025/06,מספקים וירטואליים,תחרות באספקה,לא ביתי,בעיות במילוי בקשת הניוד,מספר זיהוי הלקוח אינו משויך אל חשבון החוזה,נדחה,107
2025/06,מספקים וירטואליים,תחרות באספקה,לא ביתי,אחר,נחתם ייפוי כוח מאוחר יותר למספק אחר,נדחה,1
2025/06,מספקים וירטואליים,תחרות באספקה,לא ביתי,בעיות במילוי בקשת הניוד,פרטי הזדהות איש קשר לא תקינים,נדחה,19
2025/07,מספקים עם אמצעי ייצור,אסדרה קיימת,ביתי,אושר לניוד,תהליך הניוד הושלם,הושלם,19883
2025/07,מספקים עם אמצעי ייצור,אסדרה קיימת,לא ביתי,אושר לניוד,תהליך הניוד הושלם,הושלם,3139
2025/07,מספקים וירטואליים,תחרות באספקה,ביתי,אושר לניוד,תהליך הניוד הושלם,הושלם,5903
2025/07,מספקים וירטואליים,תחרות באספקה,לא ביתי,אושר לניוד,תהליך הניוד הושלם,הושלם,672
2025/07,מספקים עם אמצעי ייצור,אסדרה קיימת,ביתי,אחר,אי תאימות במונים שהוגשו,נדחה,2
2025/07,מספקים עם אמצעי ייצור,אסדרה קיימת,ביתי,אחר,"בוטל ידנית ע""י המספק",נדחה,77
2025/07,מספקים עם אמצעי ייצור,אסדרה קיימת,ביתי,אחר,החוזה לא פעיל - יש לקבל מהצרכן חוזה חדש,נדחה,6
2025/07,מספקים עם אמצעי ייצור,אסדרה קיימת,ביתי,אחר,החלפת לקוחות או סיום חוזה,נדחה,104
2025/07,מספקים עם אמצעי ייצור,אסדרה קיימת,ביתי,בעיות במילוי בקשת הניוד,המונה שהוגש לא קיים תחת החוזה,נדחה,1
2025/07,מספקים עם אמצעי ייצור,אסדרה קיימת,ביתי,בעיות במילוי בקשת הניוד,חוזה זה כבר קיים למספק זה,נדחה,8
2025/07,מספקים עם אמצעי ייצור,אסדרה קיימת,ביתי,ייפוי כוח חסר/לא תקין,ייפוי הכוח לא נחתם,נדחה,10076
2025/07,מספקים עם אמצעי ייצור,אסדרה קיימת,ביתי,בעיות במילוי בקשת הניוד,לא התקבלה קריאת מונה תקינה במועד הנדרש לפי אמות המידה,נדחה,2567
2025/07,מספקים עם אמצעי ייצור,אסדרה קיימת,ביתי,בעיות במילוי בקשת הניוד,לא כל מוני החוזה הוגשו,נדחה,74
2025/07,מספקים עם אמצעי ייצור,אסדרה קיימת,ביתי,בעיות במילוי בקשת הניוד,לא ניתן לנייד מונה בסיסי בתעריף שאינו ביתי,נדחה,1
2025/07,מספקים עם אמצעי ייצור,אסדרה קיימת,ביתי,אחר,"לא ניתן לנייד מונה בסיסי מסוג מת""ם/תעו""ז/בעל ייצור",נדחה,33
2025/07,מספקים עם אמצעי ייצור,אסדרה קיימת,ביתי,בעיות תקשורת במונה,לפחות אחד המונים אינו בר ניוד,נדחה,579
2025/07,מספקים עם אמצעי ייצור,אסדרה קיימת,ביתי,אחר,"לפחות אחד המונים בתהליך הקמה במערכות חח""י",נדחה,1
2025/07,מספקים עם אמצעי ייצור,אסדרה קיימת,ביתי,אחר,נחתם ייפוי כוח מאוחר יותר למספק אחר,נדחה,522
2025/07,מספקים עם אמצעי ייצור,אסדרה קיימת,לא ביתי,אחר,אי תאימות במונים שהוגשו,נדחה,16
2025/07,מספקים עם אמצעי ייצור,אסדרה קיימת,לא ביתי,אחר,"בוטל ידנית ע""י המספק",נדחה,5
2025/07,מספקים עם אמצעי ייצור,אסדרה קיימת,לא ביתי,אחר,החוזה לא פעיל - יש לקבל מהצרכן חוזה חדש,נדחה,216
2025/07,מספקים עם אמצעי ייצור,אסדרה קיימת,לא ביתי,אחר,החלפת לקוחות או סיום חוזה,נדחה,2
2025/07,מספקים עם אמצעי ייצור,אסדרה קיימת,לא ביתי,בעיות במילוי בקשת הניוד,המונה שהוגש לא קיים תחת החוזה,נדחה,409
2025/07,מספקים עם אמצעי ייצור,אסדרה קיימת,לא ביתי,בעיות במילוי בקשת הניוד,"הצרכן נמצא בהסדר מיוחד מול חח""י יש לסיים את ההסדר כדי להתנייד",נדחה,15
2025/07,מספקים עם אמצעי ייצור,אסדרה קיימת,לא ביתי,בעיות במילוי בקשת הניוד,חוזה זה כבר קיים למספק זה,נדחה,26
2025/07,מספקים עם אמצעי ייצור,אסדרה קיימת,לא ביתי,אחר,חשבון חוזה לא קיים - מספר לא תקין,נדחה,106
2025/07,מספקים עם אמצעי ייצור,אסדרה קיימת,לא ביתי,ייפוי כוח חסר/לא תקין,ייפוי הכוח לא נחתם,נדחה,22
2025/07,מספקים עם אמצעי ייצור,אסדרה קיימת,לא ביתי,בעיות במילוי בקשת הניוד,לא כל מוני החוזה הוגשו,נדחה,8
2025/07,מספקים עם אמצעי ייצור,אסדרה קיימת,לא ביתי,בעיות במילוי בקשת הניוד,לא כל שדות החובה הוגשו,נדחה,9
2025/07,מספקים עם אמצעי ייצור,אסדרה קיימת,לא ביתי,בעיות במילוי בקשת הניוד,לא ניתן לנייד מונה בסיסי בתעריף שאינו ביתי,נדחה,217
2025/07,מספקים עם אמצעי ייצור,אסדרה קיימת,לא ביתי,בעיות תקשורת במונה,לפחות אחד המונים אינו בר ניוד,נדחה,28
2025/07,מספקים עם אמצעי ייצור,אסדרה קיימת,לא ביתי,אחר,"לפחות אחד המונים בתהליך הקמה במערכות חח""י",נדחה,4
2025/07,מספקים עם אמצעי ייצור,אסדרה קיימת,לא ביתי,בעיות במילוי בקשת הניוד,מספר זיהוי הלקוח אינו משויך אל חשבון החוזה,נדחה,625
2025/07,מספקים עם אמצעי ייצור,אסדרה קיימת,לא ביתי,אחר,נחתם ייפוי כוח מאוחר יותר למספק אחר,נדחה,11
2025/07,מספקים עם אמצעי ייצור,אסדרה קיימת,לא ביתי,בעיות במילוי בקשת הניוד,פרטי הזדהות איש קשר לא תקינים,נדחה,893
2025/07,מספקים וירטואליים,תחרות באספקה,ביתי,אחר,אי תאימות במונים שהוגשו,נדחה,5
2025/07,מספקים וירטואליים,תחרות באספקה,ביתי,אחר,"בוטל ידנית ע""י המספק",נדחה,72
2025/07,מספקים וירטואליים,תחרות באספקה,ביתי,אחר,החוזה לא פעיל - יש לקבל מהצרכן חוזה חדש,נדחה,2
2025/07,מספקים וירטואליים,תחרות באספקה,ביתי,אחר,החלפת לקוחות או סיום חוזה,נדחה,28
2025/07,מספקים וירטואליים,תחרות באספקה,ביתי,בעיות במילוי בקשת הניוד,המונה שהוגש לא קיים תחת החוזה,נדחה,7
2025/07,מספקים וירטואליים,תחרות באספקה,ביתי,בעיות במילוי בקשת הניוד,חוזה זה כבר קיים למספק זה,נדחה,25
2025/07,מספקים וירטואליים,תחרות באספקה,ביתי,בעיות במילוי בקשת הניוד,לא התקבלה קריאת מונה תקינה במועד הנדרש לפי אמות המידה,נדחה,3950
2025/07,מספקים וירטואליים,תחרות באספקה,ביתי,בעיות במילוי בקשת הניוד,לא כל מוני החוזה הוגשו,נדחה,27
2025/07,מספקים וירטואליים,תחרות באספקה,ביתי,אחר,"לא ניתן לנייד מונה בסיסי מסוג מת""ם/תעו""ז/בעל ייצור",נדחה,23
2025/07,מספקים וירטואליים,תחרות באספקה,ביתי,בעיות תקשורת במונה,לפחות אחד המונים אינו בר ניוד,נדחה,149
2025/07,מספקים וירטואליים,תחרות באספקה,ביתי,אחר,"לפחות אחד המונים בתהליך הקמה במערכות חח""י",נדחה,1
2025/07,מספקים וירטואליים,תחרות באספקה,ביתי,אחר,נחתם ייפוי כוח מאוחר יותר למספק אחר,נדחה,55
2025/07,מספקים וירטואליים,תחרות באספקה,לא ביתי,אחר,אי תאימות במונים שהוגשו,נדחה,19
2025/07,מספקים וירטואליים,תחרות באספקה,לא ביתי,אחר,"בוטל ידנית ע""י המספק",נדחה,7
2025/07,מספקים וירטואליים,תחרות באספקה,לא ביתי,אחר,החוזה לא פעיל - יש לקבל מהצרכן חוזה חדש,נדחה,26
2025/07,מספקים וירטואליים,תחרות באספקה,לא ביתי,בעיות במילוי בקשת הניוד,המונה שהוגש לא קיים תחת החוזה,נדחה,118
2025/07,מספקים וירטואליים,תחרות באספקה,לא ביתי,בעיות במילוי בקשת הניוד,"הצרכן נמצא בהסדר מיוחד מול חח""י יש לסיים את ההסדר כדי להתנייד",נדחה,8
2025/07,מספקים וירטואליים,תחרות באספקה,לא ביתי,בעיות במילוי בקשת הניוד,חוזה זה כבר קיים למספק זה,נדחה,41
2025/07,מספקים וירטואליים,תחרות באספקה,לא ביתי,אחר,חשבון חוזה לא קיים - מספר לא תקין,נדחה,21
2025/07,מספקים וירטואליים,תחרות באספקה,לא ביתי,בעיות במילוי בקשת הניוד,לא כל מוני החוזה הוגשו,נדחה,12
2025/07,מספקים וירטואליים,תחרות באספקה,לא ביתי,בעיות במילוי בקשת הניוד,לא ניתן לנייד מונה בסיסי בתעריף שאינו ביתי,נדחה,170
2025/07,מספקים וירטואליים,תחרות באספקה,לא ביתי,בעיות תקשורת במונה,לפחות אחד המונים אינו בר ניוד,נדחה,10
2025/07,מספקים וירטואליים,תחרות באספקה,לא ביתי,בעיות במילוי בקשת הניוד,מספר זיהוי הלקוח אינו משויך אל חשבון החוזה,נדחה,107
2025/07,מספקים וירטואליים,תחרות באספקה,לא ביתי,אחר,נחתם ייפוי כוח מאוחר יותר למספק אחר,נדחה,1
2025/08,מספקים עם אמצעי ייצור,אסדרה קיימת,ביתי,אושר לניוד,תהליך הניוד הושלם,הושלם,10495
2025/08,מספקים עם אמצעי ייצור,אסדרה קיימת,לא ביתי,אושר לניוד,תהליך הניוד הושלם,הושלם,208
2025/08,מספקים וירטואליים,תחרות באספקה,ביתי,אושר לניוד,תהליך הניוד הושלם,הושלם,11456
2025/08,מספקים וירטואליים,תחרות באספקה,לא ביתי,אושר לניוד,תהליך הניוד הושלם,הושלם,570
2025/08,מספקים עם אמצעי ייצור,אסדרה קיימת,ביתי,אחר,אי תאימות במונים שהוגשו,נדחה,1
2025/08,מספקים עם אמצעי ייצור,אסדרה קיימת,ביתי,אחר,"בוטל ע""י המספק",נדחה,107
2025/08,מספקים עם אמצעי ייצור,אסדרה קיימת,ביתי,אחר,החוזה לא פעיל - יש לקבל מהצרכן חוזה חדש,נדחה,1
2025/08,מספקים עם אמצעי ייצור,אסדרה קיימת,ביתי,אחר,החלפת לקוחות או סיום חוזה,נדחה,67
2025/08,מספקים עם אמצעי ייצור,אסדרה קיימת,ביתי,בעיות במילוי בקשת הניוד,המונה שהוגש לא קיים תחת החוזה,נדחה,1
2025/08,מספקים עם אמצעי ייצור,אסדרה קיימת,ביתי,בעיות במילוי בקשת הניוד,חוזה זה כבר קיים למספק זה,נדחה,13
2025/08,מספקים עם אמצעי ייצור,אסדרה קיימת,ביתי,ייפוי כוח חסר/לא תקין,ייפוי הכוח לא נחתם,נדחה,1
2025/08,מספקים עם אמצעי ייצור,אסדרה קיימת,ביתי,בעיות במילוי בקשת הניוד,לא התקבלה קריאת מונה תקינה במועד הנדרש לפי אמות המידה,נדחה,4573
2025/08,מספקים עם אמצעי ייצור,אסדרה קיימת,ביתי,בעיות במילוי בקשת הניוד,לא כל מוני החוזה הוגשו,נדחה,61
2025/08,מספקים עם אמצעי ייצור,אסדרה קיימת,ביתי,בעיות במילוי בקשת הניוד,לא ניתן לנייד מונה בסיסי בתעריף שאינו ביתי,נדחה,1
2025/08,מספקים עם אמצעי ייצור,אסדרה קיימת,ביתי,אחר,"לא ניתן לנייד מונה בסיסי מסוג מת""ם/תעו""ז/בעל ייצור",נדחה,35
2025/08,מספקים עם אמצעי ייצור,אסדרה קיימת,ביתי,בעיות תקשורת במונה,לפחות אחד המונים אינו בר ניוד,נדחה,258
2025/08,מספקים עם אמצעי ייצור,אסדרה קיימת,ביתי,אחר,"לפחות אחד המונים בתהליך הקמה במערכות חח""י",נדחה,1
2025/08,מספקים עם אמצעי ייצור,אסדרה קיימת,ביתי,אחר,נחתם ייפוי כוח מאוחר יותר למספק אחר,נדחה,45
2025/08,מספקים עם אמצעי ייצור,אסדרה קיימת,לא ביתי,אחר,אי תאימות במונים שהוגשו,נדחה,16
2025/08,מספקים עם אמצעי ייצור,אסדרה קיימת,לא ביתי,אחר,"בוטל ע""י המספק",נדחה,5
2025/08,מספקים עם אמצעי ייצור,אסדרה קיימת,לא ביתי,אחר,החוזה לא פעיל - יש לקבל מהצרכן חוזה חדש,נדחה,218
2025/08,מספקים עם אמצעי ייצור,אסדרה קיימת,לא ביתי,אחר,החלפת לקוחות או סיום חוזה,נדחה,1
2025/08,מספקים עם אמצעי ייצור,אסדרה קיימת,לא ביתי,בעיות במילוי בקשת הניוד,המונה שהוגש לא קיים תחת החוזה,נדחה,313
2025/08,מספקים עם אמצעי ייצור,אסדרה קיימת,לא ביתי,בעיות במילוי בקשת הניוד,"הצרכן נמצא בהסדר מיוחד מול חח""י יש לסיים את ההסדר כדי להתנייד",נדחה,14
2025/08,מספקים עם אמצעי ייצור,אסדרה קיימת,לא ביתי,בעיות במילוי בקשת הניוד,חוזה זה כבר קיים למספק זה,נדחה,102
2025/08,מספקים עם אמצעי ייצור,אסדרה קיימת,לא ביתי,אחר,חשבון חוזה לא קיים - מספר לא תקין,נדחה,90
2025/08,מספקים עם אמצעי ייצור,אסדרה קיימת,לא ביתי,ייפוי כוח חסר/לא תקין,ייפוי הכוח לא נחתם,נדחה,9
2025/08,מספקים עם אמצעי ייצור,אסדרה קיימת,לא ביתי,בעיות במילוי בקשת הניוד,לא התקבלה קריאת מונה תקינה במועד הנדרש לפי אמות המידה,נדחה,4
2025/08,מספקים עם אמצעי ייצור,אסדרה קיימת,לא ביתי,בעיות במילוי בקשת הניוד,לא כל מוני החוזה הוגשו,נדחה,6
2025/08,מספקים עם אמצעי ייצור,אסדרה קיימת,לא ביתי,בעיות במילוי בקשת הניוד,לא כל שדות החובה הוגשו,נדחה,3
2025/08,מספקים עם אמצעי ייצור,אסדרה קיימת,לא ביתי,בעיות במילוי בקשת הניוד,לא ניתן לנייד מונה בסיסי בתעריף שאינו ביתי,נדחה,156
2025/08,מספקים עם אמצעי ייצור,אסדרה קיימת,לא ביתי,בעיות תקשורת במונה,לפחות אחד המונים אינו בר ניוד,נדחה,1
2025/08,מספקים עם אמצעי ייצור,אסדרה קיימת,לא ביתי,בעיות במילוי בקשת הניוד,מספר זיהוי הלקוח אינו משויך אל חשבון החוזה,נדחה,556
2025/08,מספקים עם אמצעי ייצור,אסדרה קיימת,לא ביתי,בעיות במילוי בקשת הניוד,פרטי הזדהות איש קשר לא תקינים,נדחה,62
2025/08,מספקים וירטואליים,תחרות באספקה,ביתי,אחר,אי תאימות במונים שהוגשו,נדחה,3
2025/08,מספקים וירטואליים,תחרות באספקה,ביתי,אחר,"בוטל ע""י המספק",נדחה,67
2025/08,מספקים וירטואליים,תחרות באספקה,ביתי,אחר,החלפת לקוחות או סיום חוזה,נדחה,48
2025/08,מספקים וירטואליים,תחרות באספקה,ביתי,בעיות במילוי בקשת הניוד,חוזה זה כבר קיים למספק זה,נדחה,29
2025/08,מספקים וירטואליים,תחרות באספקה,ביתי,ייפוי כוח חסר/לא תקין,ייפוי הכוח לא נחתם,נדחה,1
2025/08,מספקים וירטואליים,תחרות באספקה,ביתי,בעיות במילוי בקשת הניוד,לא התקבלה קריאת מונה תקינה במועד הנדרש לפי אמות המידה,נדחה,3475
2025/08,מספקים וירטואליים,תחרות באספקה,ביתי,בעיות במילוי בקשת הניוד,לא כל מוני החוזה הוגשו,נדחה,24
2025/08,מספקים וירטואליים,תחרות באספקה,ביתי,אחר,"לא ניתן לנייד מונה בסיסי מסוג מת""ם/תעו""ז/בעל ייצור",נדחה,32
2025/08,מספקים וירטואליים,תחרות באספקה,ביתי,בעיות תקשורת במונה,לפחות אחד המונים אינו בר ניוד,נדחה,235
2025/08,מספקים וירטואליים,תחרות באספקה,ביתי,אחר,"לפחות אחד המונים בתהליך הקמה במערכות חח""י",נדחה,2
2025/08,מספקים וירטואליים,תחרות באספקה,ביתי,אחר,נחתם ייפוי כוח מאוחר יותר למספק אחר,נדחה,28
2025/08,מספקים וירטואליים,תחרות באספקה,לא ביתי,אחר,אי תאימות במונים שהוגשו,נדחה,12
2025/08,מספקים וירטואליים,תחרות באספקה,לא ביתי,אחר,"בוטל ע""י המספק",נדחה,6
2025/08,מספקים וירטואליים,תחרות באספקה,לא ביתי,אחר,החוזה לא פעיל - יש לקבל מהצרכן חוזה חדש,נדחה,35
2025/08,מספקים וירטואליים,תחרות באספקה,לא ביתי,אחר,החלפת לקוחות או סיום חוזה,נדחה,2
2025/08,מספקים וירטואליים,תחרות באספקה,לא ביתי,בעיות במילוי בקשת הניוד,המונה שהוגש לא קיים תחת החוזה,נדחה,142
2025/08,מספקים וירטואליים,תחרות באספקה,לא ביתי,בעיות במילוי בקשת הניוד,"הצרכן נמצא בהסדר מיוחד מול חח""י יש לסיים את ההסדר כדי להתנייד",נדחה,11
2025/08,מספקים וירטואליים,תחרות באספקה,לא ביתי,בעיות במילוי בקשת הניוד,חוזה זה כבר קיים למספק זה,נדחה,36
2025/08,מספקים וירטואליים,תחרות באספקה,לא ביתי,אחר,חשבון חוזה לא קיים - מספר לא תקין,נדחה,13
2025/08,מספקים וירטואליים,תחרות באספקה,לא ביתי,ייפוי כוח חסר/לא תקין,ייפוי הכוח לא נחתם,נדחה,3
2025/08,מספקים וירטואליים,תחרות באספקה,לא ביתי,בעיות במילוי בקשת הניוד,לא התקבלה קריאת מונה תקינה במועד הנדרש לפי אמות המידה,נדחה,2
2025/08,מספקים וירטואליים,תחרות באספקה,לא ביתי,בעיות במילוי בקשת הניוד,לא כל מוני החוזה הוגשו,נדחה,7
2025/08,מספקים וירטואליים,תחרות באספקה,לא ביתי,בעיות במילוי בקשת הניוד,לא כל שדות החובה הוגשו,נדחה,2
2025/08,מספקים וירטואליים,תחרות באספקה,לא ביתי,בעיות במילוי בקשת הניוד,לא ניתן לנייד מונה בסיסי בתעריף שאינו ביתי,נדחה,515
2025/08,מספקים וירטואליים,תחרות באספקה,לא ביתי,בעיות תקשורת במונה,לפחות אחד המונים אינו בר ניוד,נדחה,3
2025/08,מספקים וירטואליים,תחרות באספקה,לא ביתי,אחר,"לפחות אחד המונים בתהליך הקמה במערכות חח""י",נדחה,2
2025/08,מספקים וירטואליים,תחרות באספקה,לא ביתי,בעיות במילוי בקשת הניוד,מספר זיהוי הלקוח אינו משויך אל חשבון החוזה,נדחה,173
2025/08,מספקים וירטואליים,תחרות באספקה,לא ביתי,אחר,נחתם ייפוי כוח מאוחר יותר למספק אחר,נדחה,1
2025/08,מספקים וירטואליים,תחרות באספקה,לא ביתי,בעיות במילוי בקשת הניוד,פרטי הזדהות איש קשר לא תקינים,נדחה,1
2025/09,מספקים עם אמצעי ייצור,אסדרה קיימת,ביתי,אושר לניוד,עסקה הסתיימה,הושלם,5
2025/09,מספקים עם אמצעי ייצור,אסדרה קיימת,ביתי,אושר לניוד,תהליך הניוד הושלם,הושלם,14360
2025/09,מספקים עם אמצעי ייצור,אסדרה קיימת,לא ביתי,אושר לניוד,תהליך הניוד הושלם,הושלם,335
2025/09,מספקים וירטואליים,תחרות באספקה,ביתי,אושר לניוד,עסקה הסתיימה,הושלם,4
2025/09,מספקים וירטואליים,תחרות באספקה,ביתי,אושר לניוד,תהליך הניוד הושלם,הושלם,5661
2025/09,מספקים וירטואליים,תחרות באספקה,לא ביתי,אושר לניוד,תהליך הניוד הושלם,הושלם,381
2025/09,מספקים עם אמצעי ייצור,אסדרה קיימת,ביתי,אחר,אי תאימות במונים שהוגשו,נדחה,1
2025/09,מספקים עם אמצעי ייצור,אסדרה קיימת,ביתי,אחר,"בוטל ע""י המספק",נדחה,130
2025/09,מספקים עם אמצעי ייצור,אסדרה קיימת,ביתי,אחר,החלפת לקוחות או סיום חוזה,נדחה,109
2025/09,מספקים עם אמצעי ייצור,אסדרה קיימת,ביתי,בעיות במילוי בקשת הניוד,חוזה זה כבר קיים למספק זה,נדחה,5
2025/09,מספקים עם אמצעי ייצור,אסדרה קיימת,ביתי,בעיות במילוי בקשת הניוד,לא התקבלה קריאת מונה תקינה במועד הנדרש לפי אמות המידה,נדחה,3877
2025/09,מספקים עם אמצעי ייצור,אסדרה קיימת,ביתי,בעיות במילוי בקשת הניוד,לא כל מוני החוזה הוגשו,נדחה,96
2025/09,מספקים עם אמצעי ייצור,אסדרה קיימת,ביתי,בעיות במילוי בקשת הניוד,לא ניתן לנייד מונה בסיסי בתעריף שאינו ביתי,נדחה,1
2025/09,מספקים עם אמצעי ייצור,אסדרה קיימת,ביתי,אחר,"לא ניתן לנייד מונה בסיסי מסוג מת""ם/תעו""ז/בעל ייצור",נדחה,47
2025/09,מספקים עם אמצעי ייצור,אסדרה קיימת,ביתי,בעיות תקשורת במונה,לפחות אחד המונים אינו בר ניוד,נדחה,58
2025/09,מספקים עם אמצעי ייצור,אסדרה קיימת,ביתי,אחר,"לפחות אחד המונים בתהליך הקמה במערכות חח""י",נדחה,2
2025/09,מספקים עם אמצעי ייצור,אסדרה קיימת,ביתי,אחר,נדחה בשל אי מענה ממשקים,נדחה,1
2025/09,מספקים עם אמצעי ייצור,אסדרה קיימת,ביתי,אחר,נחתם ייפוי כוח מאוחר יותר למספק אחר,נדחה,92
2025/09,מספקים עם אמצעי ייצור,אסדרה קיימת,לא ביתי,אחר,אי תאימות במונים שהוגשו,נדחה,16
2025/09,מספקים עם אמצעי ייצור,אסדרה קיימת,לא ביתי,אחר,"בוטל ע""י המספק",נדחה,54
2025/09,מספקים עם אמצעי ייצור,אסדרה קיימת,לא ביתי,אחר,החוזה לא פעיל - יש לקבל מהצרכן חוזה חדש,נדחה,307
2025/09,מספקים עם אמצעי ייצור,אסדרה קיימת,לא ביתי,אחר,החלפת לקוחות או סיום חוזה,נדחה,1
2025/09,מספקים עם אמצעי ייצור,אסדרה קיימת,לא ביתי,בעיות במילוי בקשת הניוד,המונה שהוגש לא קיים תחת החוזה,נדחה,351
2025/09,מספקים עם אמצעי ייצור,אסדרה קיימת,לא ביתי,בעיות במילוי בקשת הניוד,"הצרכן נמצא בהסדר מיוחד מול חח""י יש לסיים את ההסדר כדי להתנייד",נדחה,23
2025/09,מספקים עם אמצעי ייצור,אסדרה קיימת,לא ביתי,בעיות במילוי בקשת הניוד,חוזה זה כבר קיים למספק זה,נדחה,20
2025/09,מספקים עם אמצעי ייצור,אסדרה קיימת,לא ביתי,אחר,חשבון חוזה לא קיים - מספר לא תקין,נדחה,102
2025/09,מספקים עם אמצעי ייצור,אסדרה קיימת,לא ביתי,בעיות במילוי בקשת הניוד,לא כל מוני החוזה הוגשו,נדחה,3
2025/09,מספקים עם אמצעי ייצור,אסדרה קיימת,לא ביתי,בעיות במילוי בקשת הניוד,לא כל שדות החובה הוגשו,נדחה,21
2025/09,מספקים עם אמצעי ייצור,אסדרה קיימת,לא ביתי,בעיות במילוי בקשת הניוד,לא ניתן לנייד מונה בסיסי בתעריף שאינו ביתי,נדחה,154
2025/09,מספקים עם אמצעי ייצור,אסדרה קיימת,לא ביתי,בעיות תקשורת במונה,לפחות אחד המונים אינו בר ניוד,נדחה,3
2025/09,מספקים עם אמצעי ייצור,אסדרה קיימת,לא ביתי,אחר,"לפחות אחד המונים בתהליך הקמה במערכות חח""י",נדחה,1
2025/09,מספקים עם אמצעי ייצור,אסדרה קיימת,לא ביתי,בעיות במילוי בקשת הניוד,מספר זיהוי הלקוח אינו משויך אל חשבון החוזה,נדחה,663
2025/09,מספקים עם אמצעי ייצור,אסדרה קיימת,לא ביתי,אחר,נדחה בשל אי מענה ממשקים,נדחה,7
2025/09,מספקים עם אמצעי ייצור,אסדרה קיימת,לא ביתי,בעיות במילוי בקשת הניוד,פרטי הזדהות איש קשר לא תקינים,נדחה,78
2025/09,מספקים וירטואליים,תחרות באספקה,ביתי,אחר,אי תאימות במונים שהוגשו,נדחה,1
2025/09,מספקים וירטואליים,תחרות באספקה,ביתי,אחר,"בוטל ע""י המספק",נדחה,84
2025/09,מספקים וירטואליים,תחרות באספקה,ביתי,אחר,החלפת לקוחות או סיום חוזה,נדחה,31
2025/09,מספקים וירטואליים,תחרות באספקה,ביתי,בעיות במילוי בקשת הניוד,חוזה זה כבר קיים למספק זה,נדחה,7
2025/09,מספקים וירטואליים,תחרות באספקה,ביתי,בעיות במילוי בקשת הניוד,לא התקבלה קריאת מונה תקינה במועד הנדרש לפי אמות המידה,נדחה,2737
2025/09,מספקים וירטואליים,תחרות באספקה,ביתי,בעיות במילוי בקשת הניוד,לא כל מוני החוזה הוגשו,נדחה,22
2025/09,מספקים וירטואליים,תחרות באספקה,ביתי,בעיות במילוי בקשת הניוד,לא ניתן לנייד מונה בסיסי בתעריף שאינו ביתי,נדחה,1
2025/09,מספקים וירטואליים,תחרות באספקה,ביתי,אחר,"לא ניתן לנייד מונה בסיסי מסוג מת""ם/תעו""ז/בעל ייצור",נדחה,40
2025/09,מספקים וירטואליים,תחרות באספקה,ביתי,בעיות תקשורת במונה,לפחות אחד המונים אינו בר ניוד,נדחה,50
2025/09,מספקים וירטואליים,תחרות באספקה,ביתי,אחר,"לפחות אחד המונים בתהליך הקמה במערכות חח""י",נדחה,2
2025/09,מספקים וירטואליים,תחרות באספקה,ביתי,אחר,נחתם ייפוי כוח מאוחר יותר למספק אחר,נדחה,41
2025/09,מספקים וירטואליים,תחרות באספקה,ביתי,אחר,"נסגר ידנית ע""י נגה",נדחה,1
2025/09,מספקים וירטואליים,תחרות באספקה,לא ביתי,אחר,אי תאימות במונים שהוגשו,נדחה,10
2025/09,מספקים וירטואליים,תחרות באספקה,לא ביתי,אחר,"בוטל ע""י המספק",נדחה,6
2025/09,מספקים וירטואליים,תחרות באספקה,לא ביתי,אחר,החוזה לא פעיל - יש לקבל מהצרכן חוזה חדש,נדחה,37
2025/09,מספקים וירטואליים,תחרות באספקה,לא ביתי,בעיות במילוי בקשת הניוד,המונה שהוגש לא קיים תחת החוזה,נדחה,106
2025/09,מספקים וירטואליים,תחרות באספקה,לא ביתי,בעיות במילוי בקשת הניוד,"הצרכן נמצא בהסדר מיוחד מול חח""י יש לסיים את ההסדר כדי להתנייד",נדחה,8
2025/09,מספקים וירטואליים,תחרות באספקה,לא ביתי,בעיות במילוי בקשת הניוד,חוזה זה כבר קיים למספק זה,נדחה,30
2025/09,מספקים וירטואליים,תחרות באספקה,לא ביתי,אחר,חשבון חוזה לא קיים - מספר לא תקין,נדחה,12
2025/09,מספקים וירטואליים,תחרות באספקה,לא ביתי,ייפוי כוח חסר/לא תקין,ייפוי הכוח לא נחתם,נדחה,1
2025/09,מספקים וירטואליים,תחרות באספקה,לא ביתי,בעיות במילוי בקשת הניוד,לא כל מוני החוזה הוגשו,נדחה,6
2025/09,מספקים וירטואליים,תחרות באספקה,לא ביתי,בעיות במילוי בקשת הניוד,לא כל שדות החובה הוגשו,נדחה,35
2025/09,מספקים וירטואליים,תחרות באספקה,לא ביתי,בעיות במילוי בקשת הניוד,לא ניתן לנייד מונה בסיסי בתעריף שאינו ביתי,נדחה,126
2025/09,מספקים וירטואליים,תחרות באספקה,לא ביתי,בעיות תקשורת במונה,לפחות אחד המונים אינו בר ניוד,נדחה,3
2025/09,מספקים וירטואליים,תחרות באספקה,לא ביתי,בעיות במילוי בקשת הניוד,מספר זיהוי הלקוח אינו משויך אל חשבון החוזה,נדחה,66
2025/09,מספקים וירטואליים,תחרות באספקה,לא ביתי,אחר,נחתם ייפוי כוח מאוחר יותר למספק אחר,נדחה,2
2025/10,מספקים עם אמצעי ייצור,אסדרה קיימת,ביתי,אושר לניוד,עסקה הסתיימה,הושלם,40
2025/10,מספקים עם אמצעי ייצור,אסדרה קיימת,ביתי,אושר לניוד,תהליך הניוד הושלם,הושלם,23748
2025/10,מספקים עם אמצעי ייצור,אסדרה קיימת,לא ביתי,אושר לניוד,תהליך הניוד הושלם,הושלם,513
2025/10,מספקים וירטואליים,תחרות באספקה,ביתי,אושר לניוד,עסקה הסתיימה,הושלם,19
2025/10,מספקים וירטואליים,תחרות באספקה,ביתי,אושר לניוד,תהליך הניוד הושלם,הושלם,15090
2025/10,מספקים וירטואליים,תחרות באספקה,לא ביתי,אושר לניוד,תהליך הניוד הושלם,הושלם,773
2025/10,מספקים עם אמצעי ייצור,אסדרה קיימת,ביתי,אחר,אי תאימות במונים שהוגשו,נדחה,2
2025/10,מספקים עם אמצעי ייצור,אסדרה קיימת,ביתי,אחר,"בוטל ע""י המספק",נדחה,201
2025/10,מספקים עם אמצעי ייצור,אסדרה קיימת,ביתי,אחר,החוזה לא פעיל - יש לקבל מהצרכן חוזה חדש,נדחה,4
2025/10,מספקים עם אמצעי ייצור,אסדרה קיימת,ביתי,אחר,החלפת לקוחות או סיום חוזה,נדחה,162
2025/10,מספקים עם אמצעי ייצור,אסדרה קיימת,ביתי,בעיות במילוי בקשת הניוד,חוזה זה כבר קיים למספק זה,נדחה,1
2025/10,מספקים עם אמצעי ייצור,אסדרה קיימת,ביתי,ייפוי כוח חסר/לא תקין,ייפוי הכוח לא נחתם,נדחה,6
2025/10,מספקים עם אמצעי ייצור,אסדרה קיימת,ביתי,בעיות במילוי בקשת הניוד,לא התקבלה קריאת מונה תקינה במועד הנדרש לפי אמות המידה,נדחה,3207
2025/10,מספקים עם אמצעי ייצור,אסדרה קיימת,ביתי,בעיות במילוי בקשת הניוד,לא כל מוני החוזה הוגשו,נדחה,177
2025/10,מספקים עם אמצעי ייצור,אסדרה קיימת,ביתי,בעיות במילוי בקשת הניוד,לא ניתן לנייד מונה בסיסי בתעריף שאינו ביתי,נדחה,6
2025/10,מספקים עם אמצעי ייצור,אסדרה קיימת,ביתי,אחר,"לא ניתן לנייד מונה בסיסי מסוג מת""ם/תעו""ז/בעל ייצור",נדחה,32
2025/10,מספקים עם אמצעי ייצור,אסדרה קיימת,ביתי,בעיות תקשורת במונה,לפחות אחד המונים אינו בר ניוד,נדחה,113
2025/10,מספקים עם אמצעי ייצור,אסדרה קיימת,ביתי,אחר,נחתם ייפוי כוח מאוחר יותר למספק אחר,נדחה,377
2025/10,מספקים עם אמצעי ייצור,אסדרה קיימת,ביתי,אחר,"נסגר ידנית ע""י נגה",נדחה,2
2025/10,מספקים עם אמצעי ייצור,אסדרה קיימת,לא ביתי,אחר,אי תאימות במונים שהוגשו,נדחה,17
2025/10,מספקים עם אמצעי ייצור,אסדרה קיימת,לא ביתי,אחר,"בוטל ע""י המספק",נדחה,669
2025/10,מספקים עם אמצעי ייצור,אסדרה קיימת,לא ביתי,אחר,החוזה לא פעיל - יש לקבל מהצרכן חוזה חדש,נדחה,349
2025/10,מספקים עם אמצעי ייצור,אסדרה קיימת,לא ביתי,אחר,החלפת לקוחות או סיום חוזה,נדחה,1
2025/10,מספקים עם אמצעי ייצור,אסדרה קיימת,לא ביתי,בעיות במילוי בקשת הניוד,המונה שהוגש לא קיים תחת החוזה,נדחה,416
2025/10,מספקים עם אמצעי ייצור,אסדרה קיימת,לא ביתי,בעיות במילוי בקשת הניוד,"הצרכן נמצא בהסדר מיוחד מול חח""י יש לסיים את ההסדר כדי להתנייד",נדחה,20
2025/10,מספקים עם אמצעי ייצור,אסדרה קיימת,לא ביתי,בעיות במילוי בקשת הניוד,חוזה זה כבר קיים למספק זה,נדחה,825
2025/10,מספקים עם אמצעי ייצור,אסדרה קיימת,לא ביתי,אחר,חשבון חוזה לא קיים - מספר לא תקין,נדחה,96
2025/10,מספקים עם אמצעי ייצור,אסדרה קיימת,לא ביתי,בעיות במילוי בקשת הניוד,לא כל מוני החוזה הוגשו,נדחה,7
2025/10,מספקים עם אמצעי ייצור,אסדרה קיימת,לא ביתי,בעיות במילוי בקשת הניוד,לא כל שדות החובה הוגשו,נדחה,15
2025/10,מספקים עם אמצעי ייצור,אסדרה קיימת,לא ביתי,בעיות במילוי בקשת הניוד,לא ניתן לנייד מונה בסיסי בתעריף שאינו ביתי,נדחה,197
2025/10,מספקים עם אמצעי ייצור,אסדרה קיימת,לא ביתי,בעיות תקשורת במונה,לפחות אחד המונים אינו בר ניוד,נדחה,3
2025/10,מספקים עם אמצעי ייצור,אסדרה קיימת,לא ביתי,בעיות במילוי בקשת הניוד,מספר זיהוי הלקוח אינו משויך אל חשבון החוזה,נדחה,720
2025/10,מספקים עם אמצעי ייצור,אסדרה קיימת,לא ביתי,אחר,נדחה בשל אי מענה ממשקים,נדחה,2
2025/10,מספקים עם אמצעי ייצור,אסדרה קיימת,לא ביתי,אחר,נחתם ייפוי כוח מאוחר יותר למספק אחר,נדחה,4
2025/10,מספקים עם אמצעי ייצור,אסדרה קיימת,לא ביתי,בעיות במילוי בקשת הניוד,פרטי הזדהות איש קשר לא תקינים,נדחה,149
2025/10,מספקים וירטואליים,תחרות באספקה,ביתי,אחר,אי תאימות במונים שהוגשו,נדחה,2
2025/10,מספקים וירטואליים,תחרות באספקה,ביתי,אחר,"בוטל ע""י המספק",נדחה,109
2025/10,מספקים וירטואליים,תחרות באספקה,ביתי,אחר,החלפת לקוחות או סיום חוזה,נדחה,61
2025/10,מספקים וירטואליים,תחרות באספקה,ביתי,בעיות במילוי בקשת הניוד,חוזה זה כבר קיים למספק זה,נדחה,7
2025/10,מספקים וירטואליים,תחרות באספקה,ביתי,בעיות במילוי בקשת הניוד,לא התקבלה קריאת מונה תקינה במועד הנדרש לפי אמות המידה,נדחה,2376
2025/10,מספקים וירטואליים,תחרות באספקה,ביתי,בעיות במילוי בקשת הניוד,לא כל מוני החוזה הוגשו,נדחה,36
2025/10,מספקים וירטואליים,תחרות באספקה,ביתי,בעיות במילוי בקשת הניוד,לא ניתן לנייד מונה בסיסי בתעריף שאינו ביתי,נדחה,5
2025/10,מספקים וירטואליים,תחרות באספקה,ביתי,אחר,"לא ניתן לנייד מונה בסיסי מסוג מת""ם/תעו""ז/בעל ייצור",נדחה,16
2025/10,מספקים וירטואליים,תחרות באספקה,ביתי,בעיות תקשורת במונה,לפחות אחד המונים אינו בר ניוד,נדחה,162
2025/10,מספקים וירטואליים,תחרות באספקה,ביתי,אחר,נחתם ייפוי כוח מאוחר יותר למספק אחר,נדחה,81
2025/10,מספקים וירטואליים,תחרות באספקה,ביתי,אחר,"נסגר ידנית ע""י נגה",נדחה,1
2025/10,מספקים וירטואליים,תחרות באספקה,לא ביתי,אחר,אי תאימות במונים שהוגשו,נדחה,8
2025/10,מספקים וירטואליים,תחרות באספקה,לא ביתי,אחר,"בוטל ע""י המספק",נדחה,5
2025/10,מספקים וירטואליים,תחרות באספקה,לא ביתי,אחר,החוזה לא פעיל - יש לקבל מהצרכן חוזה חדש,נדחה,43
2025/10,מספקים וירטואליים,תחרות באספקה,לא ביתי,אחר,החלפת לקוחות או סיום חוזה,נדחה,1
2025/10,מספקים וירטואליים,תחרות באספקה,לא ביתי,בעיות במילוי בקשת הניוד,המונה שהוגש לא קיים תחת החוזה,נדחה,94
2025/10,מספקים וירטואליים,תחרות באספקה,לא ביתי,בעיות במילוי בקשת הניוד,"הצרכן נמצא בהסדר מיוחד מול חח""י יש לסיים את ההסדר כדי להתנייד",נדחה,15
2025/10,מספקים וירטואליים,תחרות באספקה,לא ביתי,בעיות במילוי בקשת הניוד,חוזה זה כבר קיים למספק זה,נדחה,20
2025/10,מספקים וירטואליים,תחרות באספקה,לא ביתי,אחר,חשבון חוזה לא קיים - מספר לא תקין,נדחה,23
2025/10,מספקים וירטואליים,תחרות באספקה,לא ביתי,ייפוי כוח חסר/לא תקין,ייפוי הכוח לא נחתם,נדחה,1
2025/10,מספקים וירטואליים,תחרות באספקה,לא ביתי,בעיות במילוי בקשת הניוד,לא כל מוני החוזה הוגשו,נדחה,11
2025/10,מספקים וירטואליים,תחרות באספקה,לא ביתי,בעיות במילוי בקשת הניוד,לא כל שדות החובה הוגשו,נדחה,2
2025/10,מספקים וירטואליים,תחרות באספקה,לא ביתי,בעיות במילוי בקשת הניוד,לא ניתן לנייד מונה בסיסי בתעריף שאינו ביתי,נדחה,125
2025/10,מספקים וירטואליים,תחרות באספקה,לא ביתי,בעיות תקשורת במונה,לפחות אחד המונים אינו בר ניוד,נדחה,8
2025/10,מספקים וירטואליים,תחרות באספקה,לא ביתי,בעיות במילוי בקשת הניוד,מספר זיהוי הלקוח אינו משויך אל חשבון החוזה,נדחה,60
2025/10,מספקים וירטואליים,תחרות באספקה,לא ביתי,אחר,נדחה בשל אי מענה ממשקים,נדחה,4
2025/10,מספקים וירטואליים,תחרות באספקה,לא ביתי,אחר,נחתם ייפוי כוח מאוחר יותר למספק אחר,נדחה,3
2025/11,מספקים עם אמצעי ייצור,אסדרה קיימת,ביתי,,,הושלם,1
2025/11,מספקים עם אמצעי ייצור,אסדרה קיימת,ביתי,אושר לניוד,תהליך הניוד הושלם,הושלם,19672
2025/11,מספקים עם אמצעי ייצור,אסדרה קיימת,לא ביתי,אושר לניוד,תהליך הניוד הושלם,הושלם,1521
2025/11,מספקים וירטואליים,תחרות באספקה,ביתי,אושר לניוד,תהליך הניוד הושלם,הושלם,6241
2025/11,מספקים וירטואליים,תחרות באספקה,לא ביתי,אושר לניוד,תהליך הניוד הושלם,הושלם,287
2025/11,מספקים עם אמצעי ייצור,אסדרה קיימת,ביתי,אחר,אי תאימות במונים שהוגשו,נדחה,1
2025/11,מספקים עם אמצעי ייצור,אסדרה קיימת,ביתי,אחר,"בוטל ע""י המספק",נדחה,110
2025/11,מספקים עם אמצעי ייצור,אסדרה קיימת,ביתי,אחר,החוזה לא פעיל - יש לקבל מהצרכן חוזה חדש,נדחה,12
2025/11,מספקים עם אמצעי ייצור,אסדרה קיימת,ביתי,אחר,החלפת לקוחות או סיום חוזה,נדחה,67
2025/11,מספקים עם אמצעי ייצור,אסדרה קיימת,ביתי,בעיות במילוי בקשת הניוד,המונה שהוגש לא קיים תחת החוזה,נדחה,4
2025/11,מספקים עם אמצעי ייצור,אסדרה קיימת,ביתי,בעיות במילוי בקשת הניוד,חוזה זה כבר קיים למספק זה,נדחה,1
2025/11,מספקים עם אמצעי ייצור,אסדרה קיימת,ביתי,ייפוי כוח חסר/לא תקין,ייפוי הכוח לא נחתם,נדחה,1
2025/11,מספקים עם אמצעי ייצור,אסדרה קיימת,ביתי,בעיות במילוי בקשת הניוד,לא התקבלה קריאת מונה תקינה במועד הנדרש לפי אמות המידה,נדחה,3630
2025/11,מספקים עם אמצעי ייצור,אסדרה קיימת,ביתי,בעיות במילוי בקשת הניוד,לא כל מוני החוזה הוגשו,נדחה,114
2025/11,מספקים עם אמצעי ייצור,אסדרה קיימת,ביתי,בעיות במילוי בקשת הניוד,לא ניתן לנייד מונה בסיסי בתעריף שאינו ביתי,נדחה,3
2025/11,מספקים עם אמצעי ייצור,אסדרה קיימת,ביתי,אחר,"לא ניתן לנייד מונה בסיסי מסוג מת""ם/תעו""ז/בעל ייצור",נדחה,26
2025/11,מספקים עם אמצעי ייצור,אסדרה קיימת,ביתי,בעיות תקשורת במונה,לפחות אחד המונים אינו בר ניוד,נדחה,37
2025/11,מספקים עם אמצעי ייצור,אסדרה קיימת,ביתי,אחר,נחתם ייפוי כוח מאוחר יותר למספק אחר,נדחה,157
2025/11,מספקים עם אמצעי ייצור,אסדרה קיימת,ביתי,אחר,"נסגר ידנית ע""י נגה",נדחה,1
2025/11,מספקים עם אמצעי ייצור,אסדרה קיימת,לא ביתי,אחר,אי תאימות במונים שהוגשו,נדחה,7
2025/11,מספקים עם אמצעי ייצור,אסדרה קיימת,לא ביתי,אחר,"בוטל ע""י המספק",נדחה,21
2025/11,מספקים עם אמצעי ייצור,אסדרה קיימת,לא ביתי,אחר,החוזה לא פעיל - יש לקבל מהצרכן חוזה חדש,נדחה,292
2025/11,מספקים עם אמצעי ייצור,אסדרה קיימת,לא ביתי,בעיות במילוי בקשת הניוד,המונה שהוגש לא קיים תחת החוזה,נדחה,242
2025/11,מספקים עם אמצעי ייצור,אסדרה קיימת,לא ביתי,בעיות במילוי בקשת הניוד,"הצרכן נמצא בהסדר מיוחד מול חח""י יש לסיים את ההסדר כדי להתנייד",נדחה,24
2025/11,מספקים עם אמצעי ייצור,אסדרה קיימת,לא ביתי,בעיות במילוי בקשת הניוד,חוזה זה כבר קיים למספק זה,נדחה,62
2025/11,מספקים עם אמצעי ייצור,אסדרה קיימת,לא ביתי,אחר,חשבון חוזה לא קיים - מספר לא תקין,נדחה,59
2025/11,מספקים עם אמצעי ייצור,אסדרה קיימת,לא ביתי,בעיות במילוי בקשת הניוד,לא כל מוני החוזה הוגשו,נדחה,16
2025/11,מספקים עם אמצעי ייצור,אסדרה קיימת,לא ביתי,בעיות במילוי בקשת הניוד,לא כל שדות החובה הוגשו,נדחה,12
2025/11,מספקים עם אמצעי ייצור,אסדרה קיימת,לא ביתי,בעיות במילוי בקשת הניוד,לא ניתן לנייד מונה בסיסי בתעריף שאינו ביתי,נדחה,154
2025/11,מספקים עם אמצעי ייצור,אסדרה קיימת,לא ביתי,בעיות תקשורת במונה,לפחות אחד המונים אינו בר ניוד,נדחה,5
2025/11,מספקים עם אמצעי ייצור,אסדרה קיימת,לא ביתי,בעיות במילוי בקשת הניוד,מספר זיהוי הלקוח אינו משויך אל חשבון החוזה,נדחה,572
2025/11,מספקים עם אמצעי ייצור,אסדרה קיימת,לא ביתי,אחר,נדחה בשל אי מענה ממשקים,נדחה,7
2025/11,מספקים עם אמצעי ייצור,אסדרה קיימת,לא ביתי,בעיות במילוי בקשת הניוד,פרטי הזדהות איש קשר לא תקינים,נדחה,122
2025/11,מספקים וירטואליים,תחרות באספקה,ביתי,אחר,אי תאימות במונים שהוגשו,נדחה,3
2025/11,מספקים וירטואליים,תחרות באספקה,ביתי,אחר,"בוטל ע""י המספק",נדחה,61
2025/11,מספקים וירטואליים,תחרות באספקה,ביתי,אחר,החוזה לא פעיל - יש לקבל מהצרכן חוזה חדש,נדחה,2
2025/11,מספקים וירטואליים,תחרות באספקה,ביתי,אחר,החלפת לקוחות או סיום חוזה,נדחה,19
2025/11,מספקים וירטואליים,תחרות באספקה,ביתי,בעיות במילוי בקשת הניוד,המונה שהוגש לא קיים תחת החוזה,נדחה,1
2025/11,מספקים וירטואליים,תחרות באספקה,ביתי,בעיות במילוי בקשת הניוד,חוזה זה כבר קיים למספק זה,נדחה,10
2025/11,מספקים וירטואליים,תחרות באספקה,ביתי,ייפוי כוח חסר/לא תקין,ייפוי הכוח לא נחתם,נדחה,1
2025/11,מספקים וירטואליים,תחרות באספקה,ביתי,בעיות במילוי בקשת הניוד,לא התקבלה קריאת מונה תקינה במועד הנדרש לפי אמות המידה,נדחה,2309
2025/11,מספקים וירטואליים,תחרות באספקה,ביתי,בעיות במילוי בקשת הניוד,לא כל מוני החוזה הוגשו,נדחה,21
2025/11,מספקים וירטואליים,תחרות באספקה,ביתי,בעיות במילוי בקשת הניוד,לא ניתן לנייד מונה בסיסי בתעריף שאינו ביתי,נדחה,1
2025/11,מספקים וירטואליים,תחרות באספקה,ביתי,אחר,"לא ניתן לנייד מונה בסיסי מסוג מת""ם/תעו""ז/בעל ייצור",נדחה,21
2025/11,מספקים וירטואליים,תחרות באספקה,ביתי,בעיות תקשורת במונה,לפחות אחד המונים אינו בר ניוד,נדחה,184
2025/11,מספקים וירטואליים,תחרות באספקה,ביתי,אחר,נדחה בשל אי מענה ממשקים,נדחה,1
2025/11,מספקים וירטואליים,תחרות באספקה,ביתי,אחר,נחתם ייפוי כוח מאוחר יותר למספק אחר,נדחה,75
2025/11,מספקים וירטואליים,תחרות באספקה,לא ביתי,אחר,אי תאימות במונים שהוגשו,נדחה,10
2025/11,מספקים וירטואליים,תחרות באספקה,לא ביתי,אחר,"בוטל ע""י המספק",נדחה,8
2025/11,מספקים וירטואליים,תחרות באספקה,לא ביתי,אחר,החוזה לא פעיל - יש לקבל מהצרכן חוזה חדש,נדחה,26
2025/11,מספקים וירטואליים,תחרות באספקה,לא ביתי,אחר,החלפת לקוחות או סיום חוזה,נדחה,2
2025/11,מספקים וירטואליים,תחרות באספקה,לא ביתי,בעיות במילוי בקשת הניוד,המונה שהוגש לא קיים תחת החוזה,נדחה,83
2025/11,מספקים וירטואליים,תחרות באספקה,לא ביתי,בעיות במילוי בקשת הניוד,"הצרכן נמצא בהסדר מיוחד מול חח""י יש לסיים את ההסדר כדי להתנייד",נדחה,4
2025/11,מספקים וירטואליים,תחרות באספקה,לא ביתי,בעיות במילוי בקשת הניוד,חוזה זה כבר קיים למספק זה,נדחה,13
2025/11,מספקים וירטואליים,תחרות באספקה,לא ביתי,אחר,חשבון חוזה לא קיים - מספר לא תקין,נדחה,18
2025/11,מספקים וירטואליים,תחרות באספקה,לא ביתי,בעיות במילוי בקשת הניוד,לא כל מוני החוזה הוגשו,נדחה,2
2025/11,מספקים וירטואליים,תחרות באספקה,לא ביתי,בעיות במילוי בקשת הניוד,לא ניתן לנייד מונה בסיסי בתעריף שאינו ביתי,נדחה,105
2025/11,מספקים וירטואליים,תחרות באספקה,לא ביתי,בעיות תקשורת במונה,לפחות אחד המונים אינו בר ניוד,נדחה,23
2025/11,מספקים וירטואליים,תחרות באספקה,לא ביתי,בעיות במילוי בקשת הניוד,מספר זיהוי הלקוח אינו משויך אל חשבון החוזה,נדחה,43
2025/11,מספקים וירטואליים,תחרות באספקה,לא ביתי,אחר,נדחה בשל אי מענה ממשקים,נדחה,1
2025/11,מספקים וירטואליים,תחרות באספקה,לא ביתי,בעיות במילוי בקשת הניוד,פרטי הזדהות איש קשר לא תקינים,נדחה,1
